"geneset","in_path","out_path","in_back","out_back","foldx","pvalue","bonferroni_pvalue","bh_pvalue","desc","link"
"BIOCARTA_ACE2_PATHWAY","3","243","0","2911","Inf","0.000467821393023107","0.617524238790501","0.00415439874953969","Angiotensin-converting enzyme 2 regulates heart function","http://www.biocarta.com/pathfiles/h_ace2Pathway.asp"
"BIOCARTA_AGPCR_PATHWAY","1","245","7","2904","1.69047619047619","0.477826361779193","630.730797548535","0.803519666669047","Attenuation of GPCR Signaling","http://www.biocarta.com/pathfiles/h_agpcrPathway.asp"
"BIOCARTA_AHSP_PATHWAY","3","243","4","2907","8.875","0.0129232039280131","17.0586291849773","0.0758230685003473","Hemoglobin's Chaperone","http://www.biocarta.com/pathfiles/h_ahspPathway.asp"
"BIOCARTA_AKAP13_PATHWAY","1","245","6","2905","1.97222222222222","0.433592644491893","572.342290729299","0.781717508098365","Rho-Selective Guanine Exchange Factor AKAP13 Mediates Stress Fiber Formation","http://www.biocarta.com/pathfiles/h_akap13Pathway.asp"
"BIOCARTA_AKAP95_PATHWAY","1","245","7","2904","1.69047619047619","0.477826361779193","630.730797548535","0.803519666669047","AKAP95 role in mitosis and chromosome dynamics","http://www.biocarta.com/pathfiles/h_akap95Pathway.asp"
"BIOCARTA_AKAPCENTROSOME_PATHWAY","1","245","8","2903","1.47916666666667","0.518618586295649","684.576533910257","0.810446263734053","Protein Kinase A at the Centrosome","http://www.biocarta.com/pathfiles/h_akapCentrosomePathway.asp"
"BIOCARTA_AMI_PATHWAY","9","237","0","2911","Inf","9.23849809318975e-11","1.21948174830105e-07","5.77406130824359e-09","Acute Myocardial Infarction","http://www.biocarta.com/pathfiles/h_amiPathway.asp"
"BIOCARTA_AT1R_PATHWAY","1","245","12","2899","0.986111111111111","0.652407951092374","861.178495441934","0.870651180283417","Angiotensin II mediated activation of JNK Pathway via Pyk2 dependent signaling","http://www.biocarta.com/pathfiles/h_At1rPathway.asp"
"BIOCARTA_BAD_PATHWAY","1","245","10","2901","1.18333333333333","0.590924953605837","780.020938759705","0.833789374950729","Regulation of BAD phosphorylation","http://www.biocarta.com/pathfiles/h_badPathway.asp"
"BIOCARTA_BIOPEPTIDES_PATHWAY","3","243","22","2889","1.61363636363636","0.30838498486705","407.068180024506","0.676418297750582","Bioactive Peptide Induced Signaling Pathway","http://www.biocarta.com/pathfiles/h_biopeptidesPathway.asp"
"BIOCARTA_CARDIACEGF_PATHWAY","1","245","4","2907","2.95833333333333","0.333620313440949","440.378813742053","0.676418297750582","Role of EGF Receptor Transactivation by GPCRs in Cardiac Hypertrophy","http://www.biocarta.com/pathfiles/h_cardiacegfPathway.asp"
"BIOCARTA_CARM1_PATHWAY","1","245","4","2907","2.95833333333333","0.333620313440949","440.378813742053","0.676418297750582","Transcription Regulation by Methyltransferase of CARM1","http://www.biocarta.com/pathfiles/h_carm1Pathway.asp"
"BIOCARTA_CASPASE_PATHWAY","1","245","11","2900","1.07575757575758","0.622912385714218","822.244349142767","0.858794649422176","Caspase Cascade in Apoptosis","http://www.biocarta.com/pathfiles/h_caspasePathway.asp"
"BIOCARTA_CFTR_PATHWAY","1","245","5","2906","2.36666666666667","0.38562837273458","509.029452009646","0.743679746272288","Cystic Fibrosis Transmembrane Conductance Regulator And Beta 2 Adrenergic Receptor Pathway","http://www.biocarta.com/pathfiles/h_cftrPathway.asp"
"BIOCARTA_CHEMICAL_PATHWAY","1","245","13","2898","0.91025641025641","0.679605038888581","897.078651332928","0.897365808391612","Apoptotic Signaling in Response to DNA Damage","http://www.biocarta.com/pathfiles/h_chemicalPathway.asp"
"BIOCARTA_CHREBP2_PATHWAY","2","244","19","2892","1.24561403508772","0.495579194968835","654.164537358862","0.810446263734053","Regulation And Function Of ChREBP in Liver","http://www.biocarta.com/pathfiles/h_Chrebp.2Pathway.asp"
"BIOCARTA_CK1_PATHWAY","1","245","7","2904","1.69047619047619","0.477826361779193","630.730797548535","0.803519666669047","Regulation of ck1/cdk5 by type 1 glutamate receptors","http://www.biocarta.com/pathfiles/h_ck1Pathway.asp"
"BIOCARTA_CLASSIC_PATHWAY","9","237","5","2906","21.3","1.30273024673155e-07","0.000171960392568565","4.07103202103609e-06","Classical Complement Pathway","http://www.biocarta.com/pathfiles/h_classicPathway.asp"
"BIOCARTA_COMP_PATHWAY","10","236","5","2906","23.6666666666667","1.46773316048494e-08","1.93740777184012e-05","6.87999918977316e-07","Complement Pathway","http://www.biocarta.com/pathfiles/h_compPathway.asp"
"BIOCARTA_CREB_PATHWAY","1","245","16","2895","0.739583333333333","0.749121872267671","988.840871393325","0.933291369104241","Transcription factor CREB and its extracellular signals","http://www.biocarta.com/pathfiles/h_crebPathway.asp"
"BIOCARTA_CSK_PATHWAY","1","245","9","2902","1.31481481481481","0.556236066527946","734.231607816888","0.817994215482274","Activation of Csk by cAMP-dependent Protein Kinase Inhibits Signaling through the T Cell Receptor","http://www.biocarta.com/pathfiles/h_CSKPathway.asp"
"BIOCARTA_DC_PATHWAY","1","245","1","2910","11.8333333333333","0.149795071848304","197.729494839762","0.430365243316901","Dendritic cells in regulating TH1 and TH2 Development","http://www.biocarta.com/pathfiles/h_dcPathway.asp"
"BIOCARTA_DEATH_PATHWAY","1","245","8","2903","1.47916666666667","0.518618586295649","684.576533910257","0.810446263734053","Induction of apoptosis through DR3 and DR4/5 Death Receptors","http://www.biocarta.com/pathfiles/h_deathPathway.asp"
"BIOCARTA_DREAM_PATHWAY","1","245","5","2906","2.36666666666667","0.38562837273458","509.029452009646","0.743679746272288","Repression of Pain Sensation by the Transcriptional Regulator DREAM","http://www.biocarta.com/pathfiles/h_dreampathway.asp"
"BIOCARTA_EXTRINSIC_PATHWAY","6","240","0","2911","Inf","2.11517785713706e-07","0.000279203477142092","5.66565497447427e-06","Extrinsic Prothrombin Activation Pathway","http://www.biocarta.com/pathfiles/h_extrinsicPathway.asp"
"BIOCARTA_FAS_PATHWAY","1","245","15","2896","0.788888888888889","0.727803730843783","960.700924713794","0.928321085259927","FAS signaling pathway ( CD95 )","http://www.biocarta.com/pathfiles/h_fasPathway.asp"
"BIOCARTA_FEEDER_PATHWAY","1","245","5","2906","2.36666666666667","0.38562837273458","509.029452009646","0.743679746272288","Feeder Pathways for Glycolysis","http://www.biocarta.com/pathfiles/feederPathway.asp"
"BIOCARTA_FIBRINOLYSIS_PATHWAY","5","241","1","2910","59.1666666666667","1.55408524134132e-05","0.0205139251857055","0.000200959298449309","Fibrinolysis Pathway","http://www.biocarta.com/pathfiles/h_fibrinolysisPathway.asp"
"BIOCARTA_GATA3_PATHWAY","1","245","5","2906","2.36666666666667","0.38562837273458","509.029452009646","0.743679746272288","GATA3 participate in activating the Th2 cytokine genes expression","http://www.biocarta.com/pathfiles/h_GATA3pathway.asp"
"BIOCARTA_GPCR_PATHWAY","1","245","12","2899","0.986111111111111","0.652407951092374","861.178495441934","0.870651180283417","Signaling Pathway from G-Protein Families","http://www.biocarta.com/pathfiles/h_gpcrPathway.asp"
"BIOCARTA_GRANULOCYTES_PATHWAY","1","245","4","2907","2.95833333333333","0.333620313440949","440.378813742053","0.676418297750582","Adhesion and Diapedesis of Granulocytes","http://www.biocarta.com/pathfiles/h_granulocytesPathway.asp"
"BIOCARTA_GSK3_PATHWAY","1","245","9","2902","1.31481481481481","0.556236066527946","734.231607816888","0.817994215482274","Inactivation of Gsk3 by AKT causes accumulation of b-catenin in Alveolar Macrophages","http://www.biocarta.com/pathfiles/h_gsk3Pathway.asp"
"BIOCARTA_HIVNEF_PATHWAY","1","245","21","2890","0.563492063492064","0.833202511275397","1099.82731488352","0.95259433453742","HIV-I Nef: negative effector of Fas and TNF","http://www.biocarta.com/pathfiles/h_HivnefPathway.asp"
"BIOCARTA_IGF1R_PATHWAY","1","245","11","2900","1.07575757575758","0.622912385714218","822.244349142767","0.858794649422176","Multiple antiapoptotic pathways from IGF-1R signaling lead to BAD phosphorylation","http://www.biocarta.com/pathfiles/h_igf1rPathway.asp"
"BIOCARTA_IL10_PATHWAY","1","245","7","2904","1.69047619047619","0.477826361779193","630.730797548535","0.803519666669047","IL-10 Anti-inflammatory Signaling Pathway","http://www.biocarta.com/pathfiles/h_il10Pathway.asp"
"BIOCARTA_INTRINSIC_PATHWAY","13","233","0","2911","Inf","2.89890916635914e-15","3.82656009959407e-12","5.43545468692339e-13","Intrinsic Prothrombin Activation Pathway","http://www.biocarta.com/pathfiles/h_intrinsicPathway.asp"
"BIOCARTA_LAIR_PATHWAY","5","241","4","2907","14.7916666666667","0.000268050907786711","0.353827198278459","0.00271673217351396","Cells and Molecules involved in local acute inflammatory response","http://www.biocarta.com/pathfiles/h_LairPathway.asp"
"BIOCARTA_LECTIN_PATHWAY","9","237","0","2911","Inf","9.23849809318975e-11","1.21948174830105e-07","5.77406130824359e-09","Lectin Induced Complement Pathway","http://www.biocarta.com/pathfiles/h_lectinPathway.asp"
"BIOCARTA_LONGEVITY_PATHWAY","1","245","4","2907","2.95833333333333","0.333620313440949","440.378813742053","0.676418297750582","The IGF-1 Receptor and Longevity","http://www.biocarta.com/pathfiles/h_longevityPathway.asp"
"BIOCARTA_MCALPAIN_PATHWAY","1","245","16","2895","0.739583333333333","0.749121872267671","988.840871393325","0.933291369104241","mCalpain and friends in Cell motility","http://www.biocarta.com/pathfiles/h_mCalpainPathway.asp"
"BIOCARTA_MITOCHONDRIA_PATHWAY","1","245","8","2903","1.47916666666667","0.518618586295649","684.576533910257","0.810446263734053","Role of Mitochondria in Apoptotic Signaling","http://www.biocarta.com/pathfiles/h_mitochondriaPathway.asp"
"BIOCARTA_MPR_PATHWAY","1","245","22","2889","0.537878787878788","0.846290926658572","1117.10402318931","0.961694234839286","How Progesterone Initiates Oocyte Membrane","http://www.biocarta.com/pathfiles/h_mPRPathway.asp"
"BIOCARTA_NDKDYNAMIN_PATHWAY","2","244","7","2904","3.38095238095238","0.151488565647549","199.964906654764","0.430365243316901","Endocytotic role of NDK, Phosphins and Dynamin","http://www.biocarta.com/pathfiles/h_ndkDynaminPathway.asp"
"BIOCARTA_NFAT_PATHWAY","3","243","14","2897","2.53571428571429","0.141437061900016","186.696921708022","0.430365243316901","NFAT and Hypertrophy of the heart (Transcription in the broken heart)","http://www.biocarta.com/pathfiles/h_nfatPathway.asp"
"BIOCARTA_NO1_PATHWAY","2","244","7","2904","3.38095238095238","0.151488565647549","199.964906654764","0.430365243316901","Actions of Nitric Oxide in the Heart","http://www.biocarta.com/pathfiles/h_no1Pathway.asp"
"BIOCARTA_NOS1_PATHWAY","1","245","5","2906","2.36666666666667","0.38562837273458","509.029452009646","0.743679746272288","Nitric Oxide Signaling Pathway","http://www.biocarta.com/pathfiles/h_nos1Pathway.asp"
"BIOCARTA_PAR1_PATHWAY","1","245","11","2900","1.07575757575758","0.622912385714218","822.244349142767","0.858794649422176","Thrombin signaling and protease-activated receptors","http://www.biocarta.com/pathfiles/h_Par1Pathway.asp"
"BIOCARTA_PLATELETAPP_PATHWAY","5","241","1","2910","59.1666666666667","1.55408524134132e-05","0.0205139251857055","0.000200959298449309","Platelet Amyloid Precursor Protein Pathway","http://www.biocarta.com/pathfiles/h_plateletAppPathway.asp"
"BIOCARTA_PLCE_PATHWAY","1","245","5","2906","2.36666666666667","0.38562837273458","509.029452009646","0.743679746272288","Phospholipase C-epsilon pathway","http://www.biocarta.com/pathfiles/h_plcePathway.asp"
"BIOCARTA_PPARA_PATHWAY","4","242","16","2895","2.95833333333333","0.0646934191950688","85.3953133374908","0.272584631439897","Mechanism of Gene Regulation by Peroxisome Proliferators via PPARa(alpha)","http://www.biocarta.com/pathfiles/h_pparaPathway.asp"
"BIOCARTA_SARS_PATHWAY","1","245","6","2905","1.97222222222222","0.433592644491893","572.342290729299","0.781717508098365","The SARS-coronavirus Life Cycle","http://www.biocarta.com/pathfiles/h_SARSpathway.asp"
"BIOCARTA_SET_PATHWAY","1","245","4","2907","2.95833333333333","0.333620313440949","440.378813742053","0.676418297750582","Granzyme A mediated Apoptosis Pathway","http://www.biocarta.com/pathfiles/h_setPathway.asp"
"BIOCARTA_SHH_PATHWAY","1","245","4","2907","2.95833333333333","0.333620313440949","440.378813742053","0.676418297750582","Sonic Hedgehog (Shh) Pathway","http://www.biocarta.com/pathfiles/h_shhPathway.asp"
"BIOCARTA_SPPA_PATHWAY","1","245","13","2898","0.91025641025641","0.679605038888581","897.078651332928","0.897365808391612","Aspirin Blocks Signaling Pathway Involved in Platelet Activation","http://www.biocarta.com/pathfiles/h_sppaPathway.asp"
"BIOCARTA_STATHMIN_PATHWAY","1","245","9","2902","1.31481481481481","0.556236066527946","734.231607816888","0.817994215482274","Stathmin and breast cancer resistance to antimicrotubule agents","http://www.biocarta.com/pathfiles/h_stathminPathway.asp"
"BIOCARTA_VIP_PATHWAY","1","245","7","2904","1.69047619047619","0.477826361779193","630.730797548535","0.803519666669047","Neuropeptides VIP and PACAP inhibit the apoptosis of activated T cells","http://www.biocarta.com/pathfiles/h_vipPathway.asp"
"BIOCARTA_VITCB_PATHWAY","2","244","2","2909","11.8333333333333","0.0326600627597524","43.1112828428732","0.163300313798762","Vitamin C in the Brain","http://www.biocarta.com/pathfiles/h_vitCBPathway.asp"
"KEGG_ALANINE_ASPARTATE_AND_GLUTAMATE_METABOLISM","1","245","18","2893","0.657407407407407","0.786897376370954","1038.70453680966","0.942768422169673","Alanine, aspartate and glutamate metabolism","http://www.genome.jp/kegg/pathway/hsa/hsa00250.html"
"KEGG_ALZHEIMERS_DISEASE","1","245","68","2843","0.174019607843137","0.996522437977787","1315.40961813068","0.999992523452101","Alzheimer's disease","http://www.genome.jp/kegg/pathway/hsa/hsa05010.html"
"KEGG_AMINO_SUGAR_AND_NUCLEOTIDE_SUGAR_METABOLISM","2","244","29","2882","0.816091954022989","0.70873419945275","935.52914327763","0.913317267336018","Amino sugar and nucleotide sugar metabolism","http://www.genome.jp/kegg/pathway/hsa/hsa00520.html"
"KEGG_AMYOTROPHIC_LATERAL_SCLEROSIS_ALS","1","245","18","2893","0.657407407407407","0.786897376370954","1038.70453680966","0.942768422169673","Amyotrophic lateral sclerosis (ALS)","http://www.genome.jp/kegg/pathway/hsa/hsa05014.html"
"KEGG_APOPTOSIS","2","244","20","2891","1.18333333333333","0.520846798826418","687.517774450872","0.810446263734053","Apoptosis","http://www.genome.jp/kegg/pathway/hsa/hsa04210.html"
"KEGG_ARACHIDONIC_ACID_METABOLISM","1","245","12","2899","0.986111111111111","0.652407951092374","861.178495441934","0.870651180283417","Arachidonic acid metabolism","http://www.genome.jp/kegg/pathway/hsa/hsa00590.html"
"KEGG_ARGININE_AND_PROLINE_METABOLISM","4","242","27","2884","1.75308641975309","0.218621803501909","288.580780622519","0.550222659820241","Arginine and proline metabolism","http://www.genome.jp/kegg/pathway/hsa/hsa00330.html"
"KEGG_AXON_GUIDANCE","1","245","29","2882","0.408045977011494","0.913316059930403","1205.57719910813","0.989765364384394","Axon guidance","http://www.genome.jp/kegg/pathway/hsa/hsa04360.html"
"KEGG_BASE_EXCISION_REPAIR","1","245","10","2901","1.18333333333333","0.590924953605837","780.020938759705","0.833789374950729","Base excision repair","http://www.genome.jp/kegg/pathway/hsa/hsa03410.html"
"KEGG_BUTANOATE_METABOLISM","1","245","21","2890","0.563492063492064","0.833202511275397","1099.82731488352","0.95259433453742","Butanoate metabolism","http://www.genome.jp/kegg/pathway/hsa/hsa00650.html"
"KEGG_CALCIUM_SIGNALING_PATHWAY","1","245","32","2879","0.369791666666667","0.932212568666451","1230.52059063972","0.993124185369088","Calcium signaling pathway","http://www.genome.jp/kegg/pathway/hsa/hsa04020.html"
"KEGG_CELL_ADHESION_MOLECULES_CAMS","1","245","29","2882","0.408045977011494","0.913316059930403","1205.57719910813","0.989765364384394","Cell adhesion molecules (CAMs)","http://www.genome.jp/kegg/pathway/hsa/hsa04514.html"
"KEGG_CHEMOKINE_SIGNALING_PATHWAY","1","245","50","2861","0.236666666666667","0.984577323032645","1299.64206640309","0.999992523452101","Chemokine signaling pathway","http://www.genome.jp/kegg/pathway/hsa/hsa04062.html"
"KEGG_COMPLEMENT_AND_COAGULATION_CASCADES","32","214","9","2902","42.0740740740741","9.1543593713174e-29","1.2083754370139e-25","3.43288476424402e-26","Complement and coagulation cascades","http://www.genome.jp/kegg/pathway/hsa/hsa04610.html"
"KEGG_CYSTEINE_AND_METHIONINE_METABOLISM","2","244","16","2895","1.47916666666667","0.414990556924804","547.787535140741","0.781717508098365","Cysteine and methionine metabolism","http://www.genome.jp/kegg/pathway/hsa/hsa00270.html"
"KEGG_CYTOKINE_CYTOKINE_RECEPTOR_INTERACTION","1","245","1","2910","11.8333333333333","0.149795071848304","197.729494839762","0.430365243316901","Cytokine-cytokine receptor interaction","http://www.genome.jp/kegg/pathway/hsa/hsa04060.html"
"KEGG_DRUG_METABOLISM_CYTOCHROME_P450","2","244","17","2894","1.3921568627451","0.44260368026236","584.236857946316","0.790363714754214","Drug metabolism - cytochrome P450","http://www.genome.jp/kegg/pathway/hsa/hsa00982.html"
"KEGG_ECM_RECEPTOR_INTERACTION","13","233","29","2882","5.30459770114943","9.39045604828169e-06","0.0123954019837318","0.000146725875754401","ECM-receptor interaction","http://www.genome.jp/kegg/pathway/hsa/hsa04512.html"
"KEGG_FATTY_ACID_METABOLISM","1","245","30","2881","0.394444444444444","0.920135455279659","1214.57880096915","0.989765364384394","Fatty acid metabolism","http://www.genome.jp/kegg/pathway/hsa/hsa00071.html"
"KEGG_FOCAL_ADHESION","13","233","81","2830","1.89917695473251","0.0284984536326877","37.6179587951477","0.150520001581097","Focal adhesion","http://www.genome.jp/kegg/pathway/hsa/hsa04510.html"
"KEGG_FRUCTOSE_AND_MANNOSE_METABOLISM","1","245","18","2893","0.657407407407407","0.786897376370954","1038.70453680966","0.942768422169673","Fructose and mannose metabolism","http://www.genome.jp/kegg/pathway/hsa/hsa00051.html"
"KEGG_GALACTOSE_METABOLISM","2","244","14","2897","1.69047619047619","0.357857420277876","472.371794766797","0.721486734431202","Galactose metabolism","http://www.genome.jp/kegg/pathway/hsa/hsa00052.html"
"KEGG_GLUTATHIONE_METABOLISM","2","244","31","2880","0.763440860215054","0.74107037777873","978.212898667924","0.933291369104241","Glutathione metabolism","http://www.genome.jp/kegg/pathway/hsa/hsa00480.html"
"KEGG_GLYCEROLIPID_METABOLISM","1","245","9","2902","1.31481481481481","0.556236066527946","734.231607816888","0.817994215482274","Glycerolipid metabolism","http://www.genome.jp/kegg/pathway/hsa/hsa00561.html"
"KEGG_GLYCEROPHOSPHOLIPID_METABOLISM","1","245","10","2901","1.18333333333333","0.590924953605837","780.020938759705","0.833789374950729","Glycerophospholipid metabolism","http://www.genome.jp/kegg/pathway/hsa/hsa00564.html"
"KEGG_GLYCOLYSIS_GLUCONEOGENESIS","3","243","42","2869","0.845238095238095","0.693563197963476","915.503421311788","0.90939230502204","Glycolysis / Gluconeogenesis","http://www.genome.jp/kegg/pathway/hsa/hsa00010.html"
"KEGG_GLYCOSAMINOGLYCAN_DEGRADATION","1","245","6","2905","1.97222222222222","0.433592644491893","572.342290729299","0.781717508098365","Glycosaminoglycan degradation","http://www.genome.jp/kegg/pathway/hsa/hsa00531.html"
"KEGG_GLYCOSPHINGOLIPID_BIOSYNTHESIS_GLOBO_SERIES","1","245","3","2908","3.94444444444445","0.277229049975684","365.942345967902","0.64173391198075","Glycosphingolipid biosynthesis - globo series","http://www.genome.jp/kegg/pathway/hsa/hsa00603.html"
"KEGG_HEMATOPOIETIC_CELL_LINEAGE","2","244","15","2896","1.57777777777778","0.38671346806159","510.461777841299","0.743679746272288","Hematopoietic cell lineage","http://www.genome.jp/kegg/pathway/hsa/hsa04640.html"
"KEGG_INSULIN_SIGNALING_PATHWAY","2","244","47","2864","0.50354609929078","0.905233535144547","1194.9082663908","0.989765364384394","Insulin signaling pathway","http://www.genome.jp/kegg/pathway/hsa/hsa04910.html"
"KEGG_LEISHMANIA_INFECTION","1","245","20","2891","0.591666666666667","0.819004524345898","1081.08597213659","0.95259433453742","Leishmania infection","http://www.genome.jp/kegg/pathway/hsa/hsa05140.html"
"KEGG_LYSOSOME","7","239","44","2867","1.88257575757576","0.0977127517145608","128.98083226322","0.336614938729481","Lysosome","http://www.genome.jp/kegg/pathway/hsa/hsa04142.html"
"KEGG_MAPK_SIGNALING_PATHWAY","1","245","54","2857","0.219135802469136","0.988914740312893","1305.36745721302","0.999992523452101","MAPK signaling pathway","http://www.genome.jp/kegg/pathway/hsa/hsa04010.html"
"KEGG_METABOLISM_OF_XENOBIOTICS_BY_CYTOCHROME_P450","5","241","16","2895","3.69791666666667","0.019925650284323","26.3018583753063","0.113213922070017","Metabolism of xenobiotics by cytochrome P450","http://www.genome.jp/kegg/pathway/hsa/hsa00980.html"
"KEGG_NEUROACTIVE_LIGAND_RECEPTOR_INTERACTION","4","242","2","2909","23.6666666666667","0.000476371056613884","0.628809794730327","0.00415439874953969","Neuroactive ligand-receptor interaction","http://www.genome.jp/kegg/pathway/hsa/hsa04080.html"
"KEGG_NEUROTROPHIN_SIGNALING_PATHWAY","1","245","43","2868","0.275193798449612","0.972541835494047","1283.75522285214","0.999992523452101","Neurotrophin signaling pathway","http://www.genome.jp/kegg/pathway/hsa/hsa04722.html"
"KEGG_NICOTINATE_AND_NICOTINAMIDE_METABOLISM","2","244","10","2901","2.36666666666667","0.239063200413655","315.563424546025","0.589794079967899","Nicotinate and nicotinamide metabolism","http://www.genome.jp/kegg/pathway/hsa/hsa00760.html"
"KEGG_NITROGEN_METABOLISM","3","243","4","2907","8.875","0.0129232039280131","17.0586291849773","0.0758230685003473","Nitrogen metabolism","http://www.genome.jp/kegg/pathway/hsa/hsa00910.html"
"KEGG_NUCLEOTIDE_EXCISION_REPAIR","1","245","16","2895","0.739583333333333","0.749121872267671","988.840871393325","0.933291369104241","Nucleotide excision repair","http://www.genome.jp/kegg/pathway/hsa/hsa03420.html"
"KEGG_PANTOTHENATE_AND_COA_BIOSYNTHESIS","1","245","6","2905","1.97222222222222","0.433592644491893","572.342290729299","0.781717508098365","Pantothenate and CoA biosynthesis","http://www.genome.jp/kegg/pathway/hsa/hsa00770.html"
"KEGG_PATHWAYS_IN_CANCER","5","241","77","2834","0.768398268398268","0.778584909404173","1027.73208041351","0.942768422169673","Pathways in cancer","http://www.genome.jp/kegg/pathway/hsa/hsa05200.html"
"KEGG_PENTOSE_AND_GLUCURONATE_INTERCONVERSIONS","2","244","4","2907","5.91666666666667","0.0735800169727912","97.1256224040844","0.280969030969033","Pentose and glucuronate interconversions","http://www.genome.jp/kegg/pathway/hsa/hsa00040.html"
"KEGG_PENTOSE_PHOSPHATE_PATHWAY","1","245","20","2891","0.591666666666667","0.819004524345898","1081.08597213659","0.95259433453742","Pentose phosphate pathway","http://www.genome.jp/kegg/pathway/hsa/hsa00030.html"
"KEGG_PEROXISOME","1","245","27","2884","0.438271604938272","0.897889046435979","1185.21354129549","0.989765364384394","Peroxisome","http://www.genome.jp/kegg/pathway/hsa/hsa04146.html"
"KEGG_PORPHYRIN_AND_CHLOROPHYLL_METABOLISM","3","243","10","2901","3.55","0.0745999962188994","98.4719950089472","0.280969030969033","Porphyrin and chlorophyll metabolism","http://www.genome.jp/kegg/pathway/hsa/hsa00860.html"
"KEGG_PPAR_SIGNALING_PATHWAY","6","240","18","2893","3.94444444444444","0.00856275148933413","11.302831965921","0.0553626173879362","PPAR signaling pathway","http://www.genome.jp/kegg/pathway/hsa/hsa03320.html"
"KEGG_PRIMARY_BILE_ACID_BIOSYNTHESIS","1","245","2","2909","5.91666666666667","0.216086803171701","285.234580186645","0.547517237766134","Primary bile acid biosynthesis","http://www.genome.jp/kegg/pathway/hsa/hsa00120.html"
"KEGG_PRION_DISEASES","10","236","13","2898","9.1025641025641","3.18401343176629e-06","0.0042028977299315","5.19132624744504e-05","Prion diseases","http://www.genome.jp/kegg/pathway/hsa/hsa05020.html"
"KEGG_PROXIMAL_TUBULE_BICARBONATE_RECLAMATION","3","243","11","2900","3.22727272727273","0.0896843497842987","118.383341715274","0.314314309991701","Proximal tubule bicarbonate reclamation","http://www.genome.jp/kegg/pathway/hsa/hsa04964.html"
"KEGG_PURINE_METABOLISM","5","241","44","2867","1.34469696969697","0.333699693556954","440.483595495179","0.676418297750582","Purine metabolism","http://www.genome.jp/kegg/pathway/hsa/hsa00230.html"
"KEGG_PYRIMIDINE_METABOLISM","4","242","28","2883","1.69047619047619","0.235765724505824","311.210756347687","0.585510905229695","Pyrimidine metabolism","http://www.genome.jp/kegg/pathway/hsa/hsa00240.html"
"KEGG_PYRUVATE_METABOLISM","1","245","28","2883","0.422619047619048","0.905916944990389","1195.81036738731","0.989765364384394","Pyruvate metabolism","http://www.genome.jp/kegg/pathway/hsa/hsa00620.html"
"KEGG_REGULATION_OF_ACTIN_CYTOSKELETON","2","244","85","2826","0.27843137254902","0.993336103925733","1311.20365718197","0.999992523452101","Regulation of actin cytoskeleton","http://www.genome.jp/kegg/pathway/hsa/hsa04810.html"
"KEGG_RENIN_ANGIOTENSIN_SYSTEM","3","243","4","2907","8.875","0.0129232039280131","17.0586291849773","0.0758230685003473","Renin-angiotensin system","http://www.genome.jp/kegg/pathway/hsa/hsa04614.html"
"KEGG_RETINOL_METABOLISM","2","244","7","2904","3.38095238095238","0.151488565647549","199.964906654764","0.430365243316901","Retinol metabolism","http://www.genome.jp/kegg/pathway/hsa/hsa00830.html"
"KEGG_SMALL_CELL_LUNG_CANCER","5","241","22","2889","2.68939393939394","0.0540411832489197","71.3343618885741","0.235644694399359","Small cell lung cancer","http://www.genome.jp/kegg/pathway/hsa/hsa05222.html"
"KEGG_SPHINGOLIPID_METABOLISM","2","244","5","2906","4.73333333333333","0.0978427421907025","129.152419691727","0.336614938729481","Sphingolipid metabolism","http://www.genome.jp/kegg/pathway/hsa/hsa00600.html"
"KEGG_STARCH_AND_SUCROSE_METABOLISM","1","245","14","2897","0.845238095238095","0.704682086433414","930.180354092107","0.911226835905277","Starch and sucrose metabolism","http://www.genome.jp/kegg/pathway/hsa/hsa00500.html"
"KEGG_STEROID_HORMONE_BIOSYNTHESIS","3","243","2","2909","17.75","0.00415416272744837","5.48349480023185","0.0299579042844834","Steroid hormone biosynthesis","http://www.genome.jp/kegg/pathway/hsa/hsa00140.html"
"KEGG_SULFUR_METABOLISM","2","244","3","2908","7.88888888888889","0.0516639961146218","68.1964748713008","0.227929394623332","Sulfur metabolism","http://www.genome.jp/kegg/pathway/hsa/hsa00920.html"
"KEGG_SYSTEMIC_LUPUS_ERYTHEMATOSUS","12","234","26","2885","5.46153846153846","1.66605494995581e-05","0.0219919253394167","0.000208256868744476","Systemic lupus erythematosus","http://www.genome.jp/kegg/pathway/hsa/hsa05322.html"
"KEGG_TIGHT_JUNCTION","2","244","54","2857","0.438271604938272","0.940564139549978","1241.54466420597","0.996360317319892","Tight junction","http://www.genome.jp/kegg/pathway/hsa/hsa04530.html"
"KEGG_TOLL_LIKE_RECEPTOR_SIGNALING_PATHWAY","1","245","19","2892","0.62280701754386","0.803603318185086","1060.75638000431","0.950634840124313","Toll-like receptor signaling pathway","http://www.genome.jp/kegg/pathway/hsa/hsa04620.html"
"KEGG_TRYPTOPHAN_METABOLISM","1","245","20","2891","0.591666666666667","0.819004524345898","1081.08597213659","0.95259433453742","Tryptophan metabolism","http://www.genome.jp/kegg/pathway/hsa/hsa00380.html"
"KEGG_TYROSINE_METABOLISM","1","245","14","2897","0.845238095238095","0.704682086433414","930.180354092107","0.911226835905277","Tyrosine metabolism","http://www.genome.jp/kegg/pathway/hsa/hsa00350.html"
"KEGG_VALINE_LEUCINE_AND_ISOLEUCINE_BIOSYNTHESIS","1","245","8","2903","1.47916666666667","0.518618586295649","684.576533910257","0.810446263734053","Valine, leucine and isoleucine biosynthesis","http://www.genome.jp/kegg/pathway/hsa/hsa00290.html"
"KEGG_VALINE_LEUCINE_AND_ISOLEUCINE_DEGRADATION","1","245","38","2873","0.31140350877193","0.958576260312545","1265.32066361256","0.999992523452101","Valine, leucine and isoleucine degradation","http://www.genome.jp/kegg/pathway/hsa/hsa00280.html"
"KEGG_VASOPRESSIN_REGULATED_WATER_REABSORPTION","1","245","12","2899","0.986111111111111","0.652407951092374","861.178495441934","0.870651180283417","Vasopressin-regulated water reabsorption","http://www.genome.jp/kegg/pathway/hsa/hsa04962.html"
"PID_A6B1_A6B4_INTEGRIN_PATHWAY","3","243","23","2888","1.54347826086957","0.330436104046673","436.175657341609","0.676418297750582","a6b1 and a6b4 Integrin signaling","http://pid.nci.nih.gov/search/pathway_landing.shtml?what=graphic&jpg=on&pathway_id=200190"
"PID_AJDISS_2PATHWAY","1","245","19","2892","0.62280701754386","0.803603318185086","1060.75638000431","0.950634840124313","Posttranslational regulation of adherens junction stability and dissassembly","http://pid.nci.nih.gov/search/pathway_landing.shtml?what=graphic&jpg=on&pathway_id=200117"
"PID_AMB2_NEUTROPHILS_PATHWAY","2","244","19","2892","1.24561403508772","0.495579194968835","654.164537358862","0.810446263734053","amb2 Integrin signaling","http://pid.nci.nih.gov/search/pathway_landing.shtml?what=graphic&jpg=on&pathway_id=200127"
"PID_ANGIOPOIETINRECEPTOR_PATHWAY","2","244","22","2889","1.07575757575758","0.568790627690544","750.803628551518","0.823554061182334","Angiopoietin receptor Tie2-mediated signaling","http://pid.nci.nih.gov/search/pathway_landing.shtml?what=graphic&jpg=on&pathway_id=200079"
"PID_AP1_PATHWAY","4","242","8","2903","5.91666666666667","0.0107967717493281","14.2517387091131","0.0674798234333006","AP-1 transcription factor network","http://pid.nci.nih.gov/search/pathway_landing.shtml?what=graphic&jpg=on&pathway_id=200137"
"PID_ARF6_TRAFFICKINGPATHWAY","1","245","17","2894","0.696078431372549","0.768776655523133","1014.78518529054","0.942768422169673","Arf6 trafficking events","http://pid.nci.nih.gov/search/pathway_landing.shtml?what=graphic&jpg=on&pathway_id=200057"
"PID_ARF6DOWNSTREAMPATHWAY","1","245","6","2905","1.97222222222222","0.433592644491893","572.342290729299","0.781717508098365","Arf6 downstream pathway","http://pid.nci.nih.gov/search/pathway_landing.shtml?what=graphic&jpg=on&pathway_id=200095"
"PID_ATF2_PATHWAY","2","244","13","2898","1.82051282051282","0.328526373260925","433.654812704421","0.676418297750582","ATF-2 transcription factor network","http://pid.nci.nih.gov/search/pathway_landing.shtml?what=graphic&jpg=on&pathway_id=200135"
"PID_AVB3_INTEGRIN_PATHWAY","8","238","27","2884","3.50617283950617","0.00448083200097858","5.91469824129173","0.0311168888956846","Integrins in angiogenesis","http://pid.nci.nih.gov/search/pathway_landing.shtml?what=graphic&jpg=on&pathway_id=200128"
"PID_BMPPATHWAY","1","245","3","2908","3.94444444444445","0.277229049975684","365.942345967902","0.64173391198075","BMP receptor signaling","http://pid.nci.nih.gov/search/pathway_landing.shtml?what=graphic&jpg=on&pathway_id=200144"
"PID_CASPASE_PATHWAY","1","245","23","2888","0.514492753623188","0.858356157048486","1133.030127304","0.96586616780099","Caspase cascade in apoptosis","http://pid.nci.nih.gov/search/pathway_landing.shtml?what=graphic&jpg=on&pathway_id=200173"
"PID_CD40_PATHWAY","1","245","6","2905","1.97222222222222","0.433592644491893","572.342290729299","0.781717508098365","CD40/CD40L signaling","http://pid.nci.nih.gov/search/pathway_landing.shtml?what=graphic&jpg=on&pathway_id=200037"
"PID_CDC42_PATHWAY","1","245","33","2878","0.358585858585859","0.937550503400143","1237.56666448819","0.995981412960492","CDC42 signaling events","http://pid.nci.nih.gov/search/pathway_landing.shtml?what=graphic&jpg=on&pathway_id=200069"
"PID_CDC42_REG_PATHWAY","2","244","6","2905","3.94444444444445","0.123956623480795","163.622742994649","0.400721843149122","Regulation of CDC42 activity","http://pid.nci.nih.gov/search/pathway_landing.shtml?what=graphic&jpg=on&pathway_id=200071"
"PID_CMYB_PATHWAY","7","239","20","2891","4.14166666666667","0.00366780733669737","4.84150568444053","0.0275085550252303","C-MYB transcription factor network","http://pid.nci.nih.gov/search/pathway_landing.shtml?what=graphic&jpg=on&pathway_id=200153"
"PID_DELTANP63PATHWAY","1","245","12","2899","0.986111111111111","0.652407951092374","861.178495441934","0.870651180283417","Validated transcriptional targets of deltaNp63 isoforms","http://pid.nci.nih.gov/search/pathway_landing.shtml?what=graphic&jpg=on&pathway_id=200186"
"PID_ECADHERIN_NASCENTAJ_PATHWAY","1","245","22","2889","0.537878787878788","0.846290926658572","1117.10402318931","0.961694234839286","E-cadherin signaling in the nascent adherens junction","http://pid.nci.nih.gov/search/pathway_landing.shtml?what=graphic&jpg=on&pathway_id=200124"
"PID_ENDOTHELINPATHWAY","1","245","20","2891","0.591666666666667","0.819004524345898","1081.08597213659","0.95259433453742","Endothelins","http://pid.nci.nih.gov/search/pathway_landing.shtml?what=graphic&jpg=on&pathway_id=200005"
"PID_EPHBFWDPATHWAY","1","245","21","2890","0.563492063492064","0.833202511275397","1099.82731488352","0.95259433453742","EPHB forward signaling","http://pid.nci.nih.gov/search/pathway_landing.shtml?what=graphic&jpg=on&pathway_id=200052"
"PID_EPHRINBREVPATHWAY","3","243","8","2903","4.4375","0.0482745722567494","63.7224353789093","0.220767860930256","Ephrin B reverse signaling","http://pid.nci.nih.gov/search/pathway_landing.shtml?what=graphic&jpg=on&pathway_id=200204"
"PID_ERA_GENOMIC_PATHWAY","2","244","13","2898","1.82051282051282","0.328526373260925","433.654812704421","0.676418297750582","Validated nuclear estrogen receptor alpha network","http://pid.nci.nih.gov/search/pathway_landing.shtml?what=graphic&jpg=on&pathway_id=200158"
"PID_ERB_GENOMIC_PATHWAY","1","245","3","2908","3.94444444444445","0.277229049975684","365.942345967902","0.64173391198075","Validated nuclear estrogen receptor beta network","http://pid.nci.nih.gov/search/pathway_landing.shtml?what=graphic&jpg=on&pathway_id=200094"
"PID_FGF_PATHWAY","1","245","16","2895","0.739583333333333","0.749121872267671","988.840871393325","0.933291369104241","FGF signaling pathway","http://pid.nci.nih.gov/search/pathway_landing.shtml?what=graphic&jpg=on&pathway_id=200220"
"PID_FOXOPATHWAY","1","245","18","2893","0.657407407407407","0.786897376370954","1038.70453680966","0.942768422169673","FoxO family signaling","http://pid.nci.nih.gov/search/pathway_landing.shtml?what=graphic&jpg=on&pathway_id=200108"
"PID_FRA_PATHWAY","1","245","4","2907","2.95833333333333","0.333620313440949","440.378813742053","0.676418297750582","Validated transcriptional targets of AP1 family members Fra1 and Fra2","http://pid.nci.nih.gov/search/pathway_landing.shtml?what=graphic&jpg=on&pathway_id=200055"
"PID_GLYPICAN_1PATHWAY","2","244","6","2905","3.94444444444445","0.123956623480795","163.622742994649","0.400721843149122","Glypican 1 network","http://pid.nci.nih.gov/search/pathway_landing.shtml?what=graphic&jpg=on&pathway_id=200026"
"PID_HIF1_TFPATHWAY","4","242","17","2894","2.7843137254902","0.0752270118799501","99.2996556815341","0.280969030969033","HIF-1-alpha transcription factor network","http://pid.nci.nih.gov/search/pathway_landing.shtml?what=graphic&jpg=on&pathway_id=200202"
"PID_HIVNEFPATHWAY","1","245","7","2904","1.69047619047619","0.477826361779193","630.730797548535","0.803519666669047","HIV-1 Nef: Negative effector of Fas and TNF-alpha","http://pid.nci.nih.gov/search/pathway_landing.shtml?what=graphic&jpg=on&pathway_id=200155"
"PID_HNF3APATHWAY","4","242","5","2906","9.46666666666667","0.00331364316695977","4.3740089803869","0.0253595140328554","FOXA1 transcription factor network","http://pid.nci.nih.gov/search/pathway_landing.shtml?what=graphic&jpg=on&pathway_id=200226"
"PID_HNF3BPATHWAY","5","241","10","2901","5.91666666666667","0.00432393029487371","5.7075879892333","0.0305938464259932","FOXA2 and FOXA3 transcription factor networks","http://pid.nci.nih.gov/search/pathway_landing.shtml?what=graphic&jpg=on&pathway_id=200087"
"PID_IL23PATHWAY","1","245","6","2905","1.97222222222222","0.433592644491893","572.342290729299","0.781717508098365","IL23-mediated signaling events","http://pid.nci.nih.gov/search/pathway_landing.shtml?what=graphic&jpg=on&pathway_id=200154"
"PID_IL4_2PATHWAY","2","244","13","2898","1.82051282051282","0.328526373260925","433.654812704421","0.676418297750582","IL4-mediated signaling events","http://pid.nci.nih.gov/search/pathway_landing.shtml?what=graphic&jpg=on&pathway_id=200022"
"PID_IL6_7PATHWAY","5","241","12","2899","4.93055555555556","0.00783097521912737","10.3368872892481","0.0515195738100485","IL6-mediated signaling events","http://pid.nci.nih.gov/search/pathway_landing.shtml?what=graphic&jpg=on&pathway_id=200146"
"PID_INSULIN_GLUCOSE_PATHWAY","1","245","16","2895","0.739583333333333","0.749121872267671","988.840871393325","0.933291369104241","Insulin-mediated glucose transport","http://pid.nci.nih.gov/search/pathway_landing.shtml?what=graphic&jpg=on&pathway_id=200196"
"PID_INTEGRIN_A9B1_PATHWAY","1","245","8","2903","1.47916666666667","0.518618586295649","684.576533910257","0.810446263734053","Alpha9 beta1 integrin signaling events","http://pid.nci.nih.gov/search/pathway_landing.shtml?what=graphic&jpg=on&pathway_id=200093"
"PID_INTEGRIN1_PATHWAY","16","230","27","2884","7.01234567901235","4.49384310904268e-08","5.93187290393634e-05","1.87243462876778e-06","Beta1 integrin cell surface interactions","http://pid.nci.nih.gov/search/pathway_landing.shtml?what=graphic&jpg=on&pathway_id=200016"
"PID_INTEGRIN2_PATHWAY","5","241","8","2903","7.39583333333333","0.00210954867463489","2.78460425051806","0.0168315053827252","Beta2 integrin cell surface interactions","http://pid.nci.nih.gov/search/pathway_landing.shtml?what=graphic&jpg=on&pathway_id=200138"
"PID_INTEGRIN3_PATHWAY","9","237","12","2899","8.875","1.17270601690697e-05","0.0154797194231721","0.000169140290900044","Beta3 integrin cell surface interactions","http://pid.nci.nih.gov/search/pathway_landing.shtml?what=graphic&jpg=on&pathway_id=200043"
"PID_INTEGRIN4_PATHWAY","3","243","6","2905","5.91666666666667","0.027594825897157","36.4251701842473","0.147829424449055","Alpha6 beta4 integrin-ligand interactions","http://pid.nci.nih.gov/search/pathway_landing.shtml?what=graphic&jpg=on&pathway_id=200125"
"PID_INTEGRIN5_PATHWAY","1","245","5","2906","2.36666666666667","0.38562837273458","509.029452009646","0.743679746272288","Beta5 beta6 beta7 and beta8 integrin cell surface interactions","http://pid.nci.nih.gov/search/pathway_landing.shtml?what=graphic&jpg=on&pathway_id=200169"
"PID_LYMPHANGIOGENESIS_PATHWAY","2","244","12","2899","1.97222222222222","0.298845809741679","394.476468859016","0.67106095001874","VEGFR3 signaling in lymphatic endothelium","http://pid.nci.nih.gov/search/pathway_landing.shtml?what=graphic&jpg=on&pathway_id=200218"
"PID_MYC_ACTIVPATHWAY","3","243","34","2877","1.04411764705882","0.559622056376951","738.701114417576","0.819758871645924","Validated targets of C-MYC transcriptional activation","http://pid.nci.nih.gov/search/pathway_landing.shtml?what=graphic&jpg=on&pathway_id=200056"
"PID_MYC_REPRESSPATHWAY","1","245","14","2897","0.845238095238095","0.704682086433414","930.180354092107","0.911226835905277","Validated targets of C-MYC transcriptional repression","http://pid.nci.nih.gov/search/pathway_landing.shtml?what=graphic&jpg=on&pathway_id=200200"
"PID_P53DOWNSTREAMPATHWAY","2","244","28","2883","0.845238095238095","0.691342611729979","912.572247483573","0.90939230502204","Direct p53 effectors","http://pid.nci.nih.gov/search/pathway_landing.shtml?what=graphic&jpg=on&pathway_id=200120"
"PID_P73PATHWAY","2","244","21","2890","1.12698412698413","0.545257372845557","719.739732156135","0.817994215482274","p73 transcription factor network","http://pid.nci.nih.gov/search/pathway_landing.shtml?what=graphic&jpg=on&pathway_id=200017"
"PID_P75NTRPATHWAY","3","243","18","2893","1.97222222222222","0.221584707771806","292.491814258785","0.553961769429515","p75(NTR)-mediated signaling","http://pid.nci.nih.gov/search/pathway_landing.shtml?what=graphic&jpg=on&pathway_id=200122"
"PID_PDGFRBPATHWAY","1","245","62","2849","0.190860215053763","0.994280752099513","1312.45059277136","0.999992523452101","PDGFR-beta signaling pathway","http://pid.nci.nih.gov/search/pathway_landing.shtml?what=graphic&jpg=on&pathway_id=200149"
"PID_PI3KCIAKTPATHWAY","1","245","17","2894","0.696078431372549","0.768776655523133","1014.78518529054","0.942768422169673","Class I PI3K signaling events mediated by Akt","http://pid.nci.nih.gov/search/pathway_landing.shtml?what=graphic&jpg=on&pathway_id=200197"
"PID_PRLSIGNALINGEVENTSPATHWAY","1","245","13","2898","0.91025641025641","0.679605038888581","897.078651332928","0.897365808391612","Signaling events mediated by PRL","http://pid.nci.nih.gov/search/pathway_landing.shtml?what=graphic&jpg=on&pathway_id=200007"
"PID_RAC1_PATHWAY","1","245","27","2884","0.438271604938272","0.897889046435979","1185.21354129549","0.989765364384394","RAC1 signaling pathway","http://pid.nci.nih.gov/search/pathway_landing.shtml?what=graphic&jpg=on&pathway_id=200222"
"PID_RAC1_REG_PATHWAY","2","244","11","2900","2.15151515151515","0.268965601176339","355.034593552768","0.64173391198075","Regulation of RAC1 activity","http://pid.nci.nih.gov/search/pathway_landing.shtml?what=graphic&jpg=on&pathway_id=200193"
"PID_RAS_PATHWAY","1","245","9","2902","1.31481481481481","0.556236066527946","734.231607816888","0.817994215482274","Regulation of Ras family activation","http://pid.nci.nih.gov/search/pathway_landing.shtml?what=graphic&jpg=on&pathway_id=200212"
"PID_REG_GR_PATHWAY","1","245","31","2880","0.381720430107527","0.926420381063793","1222.87490300421","0.989765364384394","Glucocorticoid receptor regulatory network","http://pid.nci.nih.gov/search/pathway_landing.shtml?what=graphic&jpg=on&pathway_id=200091"
"PID_RHOA_REG_PATHWAY","3","243","8","2903","4.4375","0.0482745722567494","63.7224353789093","0.220767860930256","Regulation of RhoA activity","http://pid.nci.nih.gov/search/pathway_landing.shtml?what=graphic&jpg=on&pathway_id=200061"
"PID_SMAD2_3NUCLEARPATHWAY","2","244","12","2899","1.97222222222222","0.298845809741679","394.476468859016","0.67106095001874","Regulation of nuclear SMAD2/3 signaling","http://pid.nci.nih.gov/search/pathway_landing.shtml?what=graphic&jpg=on&pathway_id=200003"
"PID_SYNDECAN_1_PATHWAY","8","238","15","2896","6.31111111111111","0.000212237752366601","0.280153833123914","0.00227397591821358","Syndecan-1-mediated signaling events","http://pid.nci.nih.gov/search/pathway_landing.shtml?what=graphic&jpg=on&pathway_id=200156"
"PID_SYNDECAN_2_PATHWAY","3","243","15","2896","2.36666666666667","0.160496757155884","211.855719445767","0.442546205393062","Syndecan-2-mediated signaling events","http://pid.nci.nih.gov/search/pathway_landing.shtml?what=graphic&jpg=on&pathway_id=200192"
"PID_SYNDECAN_4_PATHWAY","3","243","15","2896","2.36666666666667","0.160496757155884","211.855719445767","0.442546205393062","Syndecan-4-mediated signaling events","http://pid.nci.nih.gov/search/pathway_landing.shtml?what=graphic&jpg=on&pathway_id=200134"
"PID_THROMBIN_PAR1_PATHWAY","2","244","23","2888","1.02898550724638","0.591434596631717","780.693667553866","0.833789374950729","PAR1-mediated thrombin signaling events","http://pid.nci.nih.gov/search/pathway_landing.shtml?what=graphic&jpg=on&pathway_id=200189"
"PID_THROMBIN_PAR4_PATHWAY","1","245","6","2905","1.97222222222222","0.433592644491893","572.342290729299","0.781717508098365","PAR4-mediated thrombin signaling events","http://pid.nci.nih.gov/search/pathway_landing.shtml?what=graphic&jpg=on&pathway_id=200110"
"PID_TOLL_ENDOGENOUS_PATHWAY","2","244","8","2903","2.95833333333333","0.180061264204977","237.68086875057","0.492868423918733","Endogenous TLR signaling","http://pid.nci.nih.gov/search/pathway_landing.shtml?what=graphic&jpg=on&pathway_id=200208"
"PID_UPA_UPAR_PATHWAY","6","240","14","2897","5.07142857142857","0.00321166640706815","4.23939965732995","0.0250911438052199","Urokinase-type plasminogen activator (uPA) and uPAR-mediated signaling","http://pid.nci.nih.gov/search/pathway_landing.shtml?what=graphic&jpg=on&pathway_id=200139"
"PID_VEGFR1_2_PATHWAY","1","245","35","2876","0.338095238095238","0.947002814958231","1250.04371574486","0.997545100026227","Signaling events mediated by VEGFR1 and VEGFR2","http://pid.nci.nih.gov/search/pathway_landing.shtml?what=graphic&jpg=on&pathway_id=200188"
"REACTOME_ABC_FAMILY_PROTEINS_MEDIATED_TRANSPORT","1","245","2","2909","5.91666666666667","0.216086803171701","285.234580186645","0.547517237766134","Genes involved in ABC-family proteins mediated transport","http://www.reactome.org/cgi-bin/eventbrowser_st_id?ST_ID=REACT_15480"
"REACTOME_ABCA_TRANSPORTERS_IN_LIPID_HOMEOSTASIS","1","245","1","2910","11.8333333333333","0.149795071848304","197.729494839762","0.430365243316901","Genes involved in ABCA transporters in lipid homeostasis","http://www.reactome.org/cgi-bin/eventbrowser_st_id?ST_ID=REACT_111158"
"REACTOME_ACTIVATION_OF_CHAPERONE_GENES_BY_XBP1S","1","245","21","2890","0.563492063492064","0.833202511275397","1099.82731488352","0.95259433453742","Genes involved in Activation of Chaperone Genes by XBP1(S)","http://www.reactome.org/cgi-bin/eventbrowser_st_id?ST_ID=REACT_18273"
"REACTOME_ADAPTIVE_IMMUNE_SYSTEM","2","244","173","2738","0.136801541425819","0.999992523452101","1319.99013095677","0.999992523452101","Genes involved in Adaptive Immune System","http://www.reactome.org/cgi-bin/eventbrowser_st_id?ST_ID=REACT_75774"
"REACTOME_AMINO_ACID_AND_OLIGOPEPTIDE_SLC_TRANSPORTERS","1","245","2","2909","5.91666666666667","0.216086803171701","285.234580186645","0.547517237766134","Genes involved in Amino acid and oligopeptide SLC transporters","http://www.reactome.org/cgi-bin/eventbrowser_st_id?ST_ID=REACT_19419"
"REACTOME_AMINO_ACID_SYNTHESIS_AND_INTERCONVERSION_TRANSAMINATION","3","243","8","2903","4.4375","0.0482745722567494","63.7224353789093","0.220767860930256","Genes involved in Amino acid synthesis and interconversion (transamination)","http://www.reactome.org/cgi-bin/eventbrowser_st_id?ST_ID=REACT_238"
"REACTOME_AMYLOIDS","6","240","11","2900","6.45454545454546","0.00125161681107123","1.65213419061402","0.0102033979163415","Genes involved in Amyloids","http://www.reactome.org/cgi-bin/eventbrowser_st_id?ST_ID=REACT_75925"
"REACTOME_APOPTOSIS","1","245","71","2840","0.166666666666667","0.99728931727003","1316.42189879644","0.999992523452101","Genes involved in Apoptosis","http://www.reactome.org/cgi-bin/eventbrowser_st_id?ST_ID=REACT_578"
"REACTOME_APOPTOTIC_CLEAVAGE_OF_CELLULAR_PROTEINS","1","245","23","2888","0.514492753623188","0.858356157048486","1133.030127304","0.96586616780099","Genes involved in Apoptotic cleavage of cellular proteins","http://www.reactome.org/cgi-bin/eventbrowser_st_id?ST_ID=REACT_107"
"REACTOME_APOPTOTIC_EXECUTION_PHASE","1","245","35","2876","0.338095238095238","0.947002814958231","1250.04371574486","0.997545100026227","Genes involved in Apoptotic execution  phase","http://www.reactome.org/cgi-bin/eventbrowser_st_id?ST_ID=REACT_995"
"REACTOME_AQUAPORIN_MEDIATED_TRANSPORT","1","245","9","2902","1.31481481481481","0.556236066527946","734.231607816888","0.817994215482274","Genes involved in Aquaporin-mediated transport","http://www.reactome.org/cgi-bin/eventbrowser_st_id?ST_ID=REACT_23887"
"REACTOME_AXON_GUIDANCE","14","232","88","2823","1.88257575757576","0.0249241396715614","32.899864366461","0.137833957155176","Genes involved in Axon guidance","http://www.reactome.org/cgi-bin/eventbrowser_st_id?ST_ID=REACT_18266"
"REACTOME_BASIGIN_INTERACTIONS","1","245","9","2902","1.31481481481481","0.556236066527946","734.231607816888","0.817994215482274","Genes involved in Basigin interactions","http://www.reactome.org/cgi-bin/eventbrowser_st_id?ST_ID=REACT_12560"
"REACTOME_BILE_ACID_AND_BILE_SALT_METABOLISM","2","244","2","2909","11.8333333333333","0.0326600627597524","43.1112828428732","0.163300313798762","Genes involved in Bile acid and bile salt metabolism","http://www.reactome.org/cgi-bin/eventbrowser_st_id?ST_ID=REACT_11040"
"REACTOME_BILE_SALT_AND_ORGANIC_ANION_SLC_TRANSPORTERS","1","245","1","2910","11.8333333333333","0.149795071848304","197.729494839762","0.430365243316901","Genes involved in Bile salt and organic anion SLC transporters","http://www.reactome.org/cgi-bin/eventbrowser_st_id?ST_ID=REACT_20633"
"REACTOME_BIOLOGICAL_OXIDATIONS","5","241","34","2877","1.74019607843137","0.183341262056636","242.010465914759","0.498209951240859","Genes involved in Biological oxidations","http://www.reactome.org/cgi-bin/eventbrowser_st_id?ST_ID=REACT_13433"
"REACTOME_BRANCHED_CHAIN_AMINO_ACID_CATABOLISM","1","245","15","2896","0.788888888888889","0.727803730843783","960.700924713794","0.928321085259927","Genes involved in Branched-chain amino acid catabolism","http://www.reactome.org/cgi-bin/eventbrowser_st_id?ST_ID=REACT_197"
"REACTOME_CA_DEPENDENT_EVENTS","1","245","7","2904","1.69047619047619","0.477826361779193","630.730797548535","0.803519666669047","Genes involved in Ca-dependent events","http://www.reactome.org/cgi-bin/eventbrowser_st_id?ST_ID=REACT_15307"
"REACTOME_CASPASE_MEDIATED_CLEAVAGE_OF_CYTOSKELETAL_PROTEINS","1","245","8","2903","1.47916666666667","0.518618586295649","684.576533910257","0.810446263734053","Genes involved in Caspase-mediated cleavage of cytoskeletal proteins","http://www.reactome.org/cgi-bin/eventbrowser_st_id?ST_ID=REACT_13541"
"REACTOME_CELL_CYCLE","2","244","106","2805","0.223270440251572","0.998599589756013","1318.15145847794","0.999992523452101","Genes involved in Cell Cycle","http://www.reactome.org/cgi-bin/eventbrowser_st_id?ST_ID=REACT_115566"
"REACTOME_CELL_CYCLE_MITOTIC","2","244","91","2820","0.26007326007326","0.995710494759664","1314.33785308276","0.999992523452101","Genes involved in Cell Cycle, Mitotic","http://www.reactome.org/cgi-bin/eventbrowser_st_id?ST_ID=REACT_152"
"REACTOME_CELL_SURFACE_INTERACTIONS_AT_THE_VASCULAR_WALL","6","240","29","2882","2.44827586206897","0.0503973529960557","66.5245059547935","0.227698884018324","Genes involved in Cell surface interactions at the vascular wall","http://www.reactome.org/cgi-bin/eventbrowser_st_id?ST_ID=REACT_12051"
"REACTOME_CHEMOKINE_RECEPTORS_BIND_CHEMOKINES","1","245","0","2911","Inf","0.0779220779220784","102.857142857143","0.280969030969033","Genes involved in Chemokine receptors bind chemokines","http://www.reactome.org/cgi-bin/eventbrowser_st_id?ST_ID=REACT_15344"
"REACTOME_CHOLESTEROL_BIOSYNTHESIS","1","245","12","2899","0.986111111111111","0.652407951092374","861.178495441934","0.870651180283417","Genes involved in Cholesterol biosynthesis","http://www.reactome.org/cgi-bin/eventbrowser_st_id?ST_ID=REACT_9405"
"REACTOME_CHONDROITIN_SULFATE_DERMATAN_SULFATE_METABOLISM","1","245","9","2902","1.31481481481481","0.556236066527946","734.231607816888","0.817994215482274","Genes involved in Chondroitin sulfate/dermatan sulfate metabolism","http://www.reactome.org/cgi-bin/eventbrowser_st_id?ST_ID=REACT_121206"
"REACTOME_CHYLOMICRON_MEDIATED_LIPID_TRANSPORT","5","241","3","2908","19.7222222222222","0.000127196776624406","0.167899745144217","0.00144541791618643","Genes involved in Chylomicron-mediated lipid transport","http://www.reactome.org/cgi-bin/eventbrowser_st_id?ST_ID=REACT_6841"
"REACTOME_CLASS_A1_RHODOPSIN_LIKE_RECEPTORS","7","239","2","2909","41.4166666666667","5.05557412533583e-07","0.000667335784544329","1.18490018562559e-05","Genes involved in Class A/1 (Rhodopsin-like receptors)","http://www.reactome.org/cgi-bin/eventbrowser_st_id?ST_ID=REACT_14828"
"REACTOME_COLLAGEN_FORMATION","8","238","17","2894","5.56862745098039","0.000408021528538712","0.5385884176711","0.00392328392825685","Genes involved in Collagen formation","http://www.reactome.org/cgi-bin/eventbrowser_st_id?ST_ID=REACT_120729"
"REACTOME_COMMON_PATHWAY","6","240","1","2910","71","1.38396134181513e-06","0.00182682897119597","2.88325279544819e-05","Genes involved in Common Pathway","http://www.reactome.org/cgi-bin/eventbrowser_st_id?ST_ID=REACT_1439"
"REACTOME_COMPLEMENT_CASCADE","17","229","6","2905","33.5277777777778","5.61585919872717e-15","7.41293414231986e-12","7.01982399840896e-13","Genes involved in Complement cascade","http://www.reactome.org/cgi-bin/eventbrowser_st_id?ST_ID=REACT_6932"
"REACTOME_CREATION_OF_C4_AND_C2_ACTIVATORS","1","245","4","2907","2.95833333333333","0.333620313440949","440.378813742053","0.676418297750582","Genes involved in Creation of C4 and C2 activators","http://www.reactome.org/cgi-bin/eventbrowser_st_id?ST_ID=REACT_8012"
"REACTOME_CS_DS_DEGRADATION","1","245","5","2906","2.36666666666667","0.38562837273458","509.029452009646","0.743679746272288","Genes involved in CS/DS degradation","http://www.reactome.org/cgi-bin/eventbrowser_st_id?ST_ID=REACT_120888"
"REACTOME_CYTOKINE_SIGNALING_IN_IMMUNE_SYSTEM","2","244","101","2810","0.234323432343234","0.997960778044996","1317.30822701939","0.999992523452101","Genes involved in Cytokine Signaling in Immune system","http://www.reactome.org/cgi-bin/eventbrowser_st_id?ST_ID=REACT_75790"
"REACTOME_CYTOSOLIC_SULFONATION_OF_SMALL_MOLECULES","2","244","3","2908","7.88888888888889","0.0516639961146218","68.1964748713008","0.227929394623332","Genes involved in Cytosolic sulfonation of small molecules","http://www.reactome.org/cgi-bin/eventbrowser_st_id?ST_ID=REACT_6913"
"REACTOME_DAG_AND_IP3_SIGNALING","1","245","8","2903","1.47916666666667","0.518618586295649","684.576533910257","0.810446263734053","Genes involved in DAG and IP3 signaling","http://www.reactome.org/cgi-bin/eventbrowser_st_id?ST_ID=REACT_111064"
"REACTOME_DARPP_32_EVENTS","1","245","9","2902","1.31481481481481","0.556236066527946","734.231607816888","0.817994215482274","Genes involved in DARPP-32 events","http://www.reactome.org/cgi-bin/eventbrowser_st_id?ST_ID=REACT_15334"
"REACTOME_DCC_MEDIATED_ATTRACTIVE_SIGNALING","1","245","6","2905","1.97222222222222","0.433592644491893","572.342290729299","0.781717508098365","Genes involved in DCC mediated attractive signaling","http://www.reactome.org/cgi-bin/eventbrowser_st_id?ST_ID=REACT_22351"
"REACTOME_DEFENSINS","2","244","0","2911","Inf","0.00604908399585206","7.98479087452471","0.040507258900795","Genes involved in Defensins","http://www.reactome.org/cgi-bin/eventbrowser_st_id?ST_ID=REACT_115846"
"REACTOME_DEGRADATION_OF_THE_EXTRACELLULAR_MATRIX","4","242","3","2908","15.7777777777778","0.00104362169197585","1.37758063340812","0.00869684743313208","Genes involved in Degradation of the extracellular matrix","http://www.reactome.org/cgi-bin/eventbrowser_st_id?ST_ID=REACT_118572"
"REACTOME_DEVELOPMENTAL_BIOLOGY","14","232","101","2810","1.64026402640264","0.060328286913281","79.6333387255309","0.258951018860326","Genes involved in Developmental Biology","http://www.reactome.org/cgi-bin/eventbrowser_st_id?ST_ID=REACT_111045"
"REACTOME_DIABETES_PATHWAYS","4","242","40","2871","1.18333333333333","0.452190935337108","596.892034644982","0.803519666669047","Genes involved in Diabetes pathways","http://www.reactome.org/cgi-bin/eventbrowser_st_id?ST_ID=REACT_15380"
"REACTOME_DOWNSTREAM_SIGNAL_TRANSDUCTION","1","245","31","2880","0.381720430107527","0.926420381063793","1222.87490300421","0.989765364384394","Genes involved in Downstream signal transduction","http://www.reactome.org/cgi-bin/eventbrowser_st_id?ST_ID=REACT_17025"
"REACTOME_DOWNSTREAM_SIGNALING_OF_ACTIVATED_FGFR","1","245","21","2890","0.563492063492064","0.833202511275397","1099.82731488352","0.95259433453742","Genes involved in Downstream signaling of activated FGFR","http://www.reactome.org/cgi-bin/eventbrowser_st_id?ST_ID=REACT_21272"
"REACTOME_ETHANOL_OXIDATION","1","245","6","2905","1.97222222222222","0.433592644491893","572.342290729299","0.781717508098365","Genes involved in Ethanol oxidation","http://www.reactome.org/cgi-bin/eventbrowser_st_id?ST_ID=REACT_34"
"REACTOME_EXTRACELLULAR_MATRIX_ORGANIZATION","12","234","20","2891","7.1","2.12511792519648e-06","0.00280515566125936","3.79485343785086e-05","Genes involved in Extracellular matrix organization","http://www.reactome.org/cgi-bin/eventbrowser_st_id?ST_ID=REACT_118779"
"REACTOME_FACTORS_INVOLVED_IN_MEGAKARYOCYTE_DEVELOPMENT_AND_PLATELET_PRODUCTION","5","241","31","2880","1.90860215053763","0.144208006597441","190.354568708622","0.430365243316901","Genes involved in Factors involved in megakaryocyte development and platelet production","http://www.reactome.org/cgi-bin/eventbrowser_st_id?ST_ID=REACT_24970"
"REACTOME_FATTY_ACID_TRIACYLGLYCEROL_AND_KETONE_BODY_METABOLISM","6","240","41","2870","1.73170731707317","0.155208081774597","204.874667942468","0.437616771920856","Genes involved in Fatty acid, triacylglycerol, and ketone body metabolism","http://www.reactome.org/cgi-bin/eventbrowser_st_id?ST_ID=REACT_22279"
"REACTOME_FATTY_ACYL_COA_BIOSYNTHESIS","1","245","7","2904","1.69047619047619","0.477826361779193","630.730797548535","0.803519666669047","Genes involved in Fatty Acyl-CoA Biosynthesis","http://www.reactome.org/cgi-bin/eventbrowser_st_id?ST_ID=REACT_1319"
"REACTOME_FORMATION_OF_FIBRIN_CLOT_CLOTTING_CASCADE","12","234","4","2907","35.5","5.334997267403e-11","7.04219639297196e-08","5.00155993819031e-09","Genes involved in Formation of Fibrin Clot (Clotting Cascade)","http://www.reactome.org/cgi-bin/eventbrowser_st_id?ST_ID=REACT_2051"
"REACTOME_G_ALPHA_I_SIGNALLING_EVENTS","6","240","8","2903","8.875","0.000370998815030256","0.489718435839938","0.00366117251674595","Genes involved in G alpha (i) signalling events","http://www.reactome.org/cgi-bin/eventbrowser_st_id?ST_ID=REACT_19231"
"REACTOME_G_ALPHA_Q_SIGNALLING_EVENTS","3","243","9","2902","3.94444444444444","0.0607671724258899","80.2126676021746","0.258951018860326","Genes involved in G alpha (q) signalling events","http://www.reactome.org/cgi-bin/eventbrowser_st_id?ST_ID=REACT_18283"
"REACTOME_GABA_SYNTHESIS_RELEASE_REUPTAKE_AND_DEGRADATION","1","245","3","2908","3.94444444444445","0.277229049975684","365.942345967902","0.64173391198075","Genes involved in GABA synthesis, release, reuptake and degradation","http://www.reactome.org/cgi-bin/eventbrowser_st_id?ST_ID=REACT_23947"
"REACTOME_GAMMA_CARBOXYLATION_TRANSPORT_AND_AMINO_TERMINAL_CLEAVAGE_OF_PROTEINS","3","243","0","2911","Inf","0.000467821393023107","0.617524238790501","0.00415439874953969","Genes involved in Gamma-carboxylation, transport, and amino-terminal cleavage of proteins","http://www.reactome.org/cgi-bin/eventbrowser_st_id?ST_ID=REACT_1132"
"REACTOME_GASTRIN_CREB_SIGNALLING_PATHWAY_VIA_PKC_AND_MAPK","3","243","21","2890","1.69047619047619","0.286391569550701","378.036871806926","0.65887631031603","Genes involved in Gastrin-CREB signalling pathway via PKC and MAPK","http://www.reactome.org/cgi-bin/eventbrowser_st_id?ST_ID=REACT_120966"
"REACTOME_GLUCAGON_SIGNALING_IN_METABOLIC_REGULATION","1","245","7","2904","1.69047619047619","0.477826361779193","630.730797548535","0.803519666669047","Genes involved in Glucagon signaling in metabolic regulation","http://www.reactome.org/cgi-bin/eventbrowser_st_id?ST_ID=REACT_1665"
"REACTOME_GLUCONEOGENESIS","1","245","25","2886","0.473333333333333","0.879729625441267","1161.24310558247","0.984771968777538","Genes involved in Gluconeogenesis","http://www.reactome.org/cgi-bin/eventbrowser_st_id?ST_ID=REACT_1520"
"REACTOME_GLUCOSE_METABOLISM","2","244","41","2870","0.577235772357724","0.860264800121415","1135.54953616027","0.96586616780099","Genes involved in Glucose metabolism","http://www.reactome.org/cgi-bin/eventbrowser_st_id?ST_ID=REACT_723"
"REACTOME_GLUTAMATE_NEUROTRANSMITTER_RELEASE_CYCLE","1","245","0","2911","Inf","0.0779220779220784","102.857142857143","0.280969030969033","Genes involved in Glutamate Neurotransmitter Release Cycle","http://www.reactome.org/cgi-bin/eventbrowser_st_id?ST_ID=REACT_12591"
"REACTOME_GLUTATHIONE_CONJUGATION","2","244","12","2899","1.97222222222222","0.298845809741679","394.476468859016","0.67106095001874","Genes involved in Glutathione conjugation","http://www.reactome.org/cgi-bin/eventbrowser_st_id?ST_ID=REACT_6926"
"REACTOME_GLYCEROPHOSPHOLIPID_BIOSYNTHESIS","2","244","13","2898","1.82051282051282","0.328526373260925","433.654812704421","0.676418297750582","Genes involved in Glycerophospholipid biosynthesis","http://www.reactome.org/cgi-bin/eventbrowser_st_id?ST_ID=REACT_121401"
"REACTOME_GLYCOGEN_BREAKDOWN_GLYCOGENOLYSIS","1","245","7","2904","1.69047619047619","0.477826361779193","630.730797548535","0.803519666669047","Genes involved in Glycogen breakdown (glycogenolysis)","http://www.reactome.org/cgi-bin/eventbrowser_st_id?ST_ID=REACT_1008"
"REACTOME_GLYCOSAMINOGLYCAN_METABOLISM","3","243","15","2896","2.36666666666667","0.160496757155884","211.855719445767","0.442546205393062","Genes involved in Glycosaminoglycan metabolism","http://www.reactome.org/cgi-bin/eventbrowser_st_id?ST_ID=REACT_121315"
"REACTOME_GLYCOSPHINGOLIPID_METABOLISM","3","243","8","2903","4.4375","0.0482745722567494","63.7224353789093","0.220767860930256","Genes involved in Glycosphingolipid metabolism","http://www.reactome.org/cgi-bin/eventbrowser_st_id?ST_ID=REACT_116105"
"REACTOME_GPCR_DOWNSTREAM_SIGNALING","7","239","31","2880","2.67204301075269","0.024993890897472","32.9919359846631","0.137833957155176","Genes involved in GPCR downstream signaling","http://www.reactome.org/cgi-bin/eventbrowser_st_id?ST_ID=REACT_19184"
"REACTOME_GPCR_LIGAND_BINDING","7","239","7","2904","11.8333333333333","3.42283921168307e-05","0.0451814775942166","0.00040111397011911","Genes involved in GPCR ligand binding","http://www.reactome.org/cgi-bin/eventbrowser_st_id?ST_ID=REACT_21340"
"REACTOME_GPVI_MEDIATED_ACTIVATION_CASCADE","2","244","12","2899","1.97222222222222","0.298845809741679","394.476468859016","0.67106095001874","Genes involved in GPVI-mediated activation cascade","http://www.reactome.org/cgi-bin/eventbrowser_st_id?ST_ID=REACT_1695"
"REACTOME_GRB2_SOS_PROVIDES_LINKAGE_TO_MAPK_SIGNALING_FOR_INTERGRINS_","3","243","8","2903","4.4375","0.0482745722567494","63.7224353789093","0.220767860930256","Genes involved in GRB2:SOS provides linkage to MAPK signaling for Intergrins ","http://www.reactome.org/cgi-bin/eventbrowser_st_id?ST_ID=REACT_15443"
"REACTOME_HDL_MEDIATED_LIPID_TRANSPORT","6","240","1","2910","71","1.38396134181513e-06","0.00182682897119597","2.88325279544819e-05","Genes involved in HDL-mediated lipid transport","http://www.reactome.org/cgi-bin/eventbrowser_st_id?ST_ID=REACT_13621"
"REACTOME_HEMOSTASIS","30","216","128","2783","2.7734375","2.32275109075036e-06","0.00306603143979047","3.95923481377902e-05","Genes involved in Hemostasis","http://www.reactome.org/cgi-bin/eventbrowser_st_id?ST_ID=REACT_604"
"REACTOME_HEPARAN_SULFATE_HEPARIN_HS_GAG_METABOLISM","1","245","9","2902","1.31481481481481","0.556236066527946","734.231607816888","0.817994215482274","Genes involved in Heparan sulfate/heparin (HS-GAG) metabolism","http://www.reactome.org/cgi-bin/eventbrowser_st_id?ST_ID=REACT_121314"
"REACTOME_HS_GAG_DEGRADATION","1","245","6","2905","1.97222222222222","0.433592644491893","572.342290729299","0.781717508098365","Genes involved in HS-GAG degradation","http://www.reactome.org/cgi-bin/eventbrowser_st_id?ST_ID=REACT_120752"
"REACTOME_IMMUNE_SYSTEM","23","223","277","2634","0.982551143200963","0.568801338256599","750.81776649871","0.823554061182334","Genes involved in Immune System","http://www.reactome.org/cgi-bin/eventbrowser_st_id?ST_ID=REACT_6900"
"REACTOME_IMMUNOREGULATORY_INTERACTIONS_BETWEEN_A_LYMPHOID_AND_A_NON_LYMPHOID_CELL","1","245","11","2900","1.07575757575758","0.622912385714218","822.244349142767","0.858794649422176","Genes involved in Immunoregulatory interactions between a Lymphoid and a non-Lymphoid cell","http://www.reactome.org/cgi-bin/eventbrowser_st_id?ST_ID=REACT_11152"
"REACTOME_INITIAL_TRIGGERING_OF_COMPLEMENT","5","241","4","2907","14.7916666666667","0.000268050907786711","0.353827198278459","0.00271673217351396","Genes involved in Initial triggering of complement","http://www.reactome.org/cgi-bin/eventbrowser_st_id?ST_ID=REACT_8024"
"REACTOME_INNATE_IMMUNE_SYSTEM","20","226","60","2851","3.94444444444444","1.60234525181376e-06","0.00211509573239416","3.0043973471508e-05","Genes involved in Innate Immune System","http://www.reactome.org/cgi-bin/eventbrowser_st_id?ST_ID=REACT_6802"
"REACTOME_INTEGRATION_OF_ENERGY_METABOLISM","2","244","32","2879","0.739583333333333","0.756060722454623","998.000153640103","0.935718715909187","Genes involved in Integration of energy metabolism","http://www.reactome.org/cgi-bin/eventbrowser_st_id?ST_ID=REACT_1505"
"REACTOME_INTEGRIN_ALPHAIIB_BETA3_SIGNALING","3","243","14","2897","2.53571428571429","0.141437061900016","186.696921708022","0.430365243316901","Genes involved in Integrin alphaIIb beta3 signaling","http://www.reactome.org/cgi-bin/eventbrowser_st_id?ST_ID=REACT_15523"
"REACTOME_INTEGRIN_CELL_SURFACE_INTERACTIONS","12","234","34","2877","4.17647058823529","0.000136029832605417","0.179559379039151","0.00150032903608916","Genes involved in Integrin cell surface interactions","http://www.reactome.org/cgi-bin/eventbrowser_st_id?ST_ID=REACT_13552"
"REACTOME_INTERACTION_BETWEEN_L1_AND_ANKYRINS","3","243","5","2906","7.1","0.0195010983204246","25.7414497829605","0.112506336463988","Genes involved in Interaction between L1 and Ankyrins","http://www.reactome.org/cgi-bin/eventbrowser_st_id?ST_ID=REACT_22266"
"REACTOME_INTERFERON_GAMMA_SIGNALING","2","244","30","2881","0.788888888888889","0.725302755971494","957.399637882371","0.928321085259927","Genes involved in Interferon gamma signaling","http://www.reactome.org/cgi-bin/eventbrowser_st_id?ST_ID=REACT_25078"
"REACTOME_INTERFERON_SIGNALING","2","244","71","2840","0.333333333333333","0.981726395871903","1295.87884255091","0.999992523452101","Genes involved in Interferon Signaling","http://www.reactome.org/cgi-bin/eventbrowser_st_id?ST_ID=REACT_25229"
"REACTOME_INTRINSIC_PATHWAY","7","239","3","2908","27.6111111111111","1.57350513416218e-06","0.00207702677709408","3.0043973471508e-05","Genes involved in Intrinsic Pathway","http://www.reactome.org/cgi-bin/eventbrowser_st_id?ST_ID=REACT_326"
"REACTOME_IRON_UPTAKE_AND_TRANSPORT","2","244","13","2898","1.82051282051282","0.328526373260925","433.654812704421","0.676418297750582","Genes involved in Iron uptake and transport","http://www.reactome.org/cgi-bin/eventbrowser_st_id?ST_ID=REACT_25060"
"REACTOME_KERATAN_SULFATE_BIOSYNTHESIS","2","244","2","2909","11.8333333333333","0.0326600627597524","43.1112828428732","0.163300313798762","Genes involved in Keratan sulfate biosynthesis","http://www.reactome.org/cgi-bin/eventbrowser_st_id?ST_ID=REACT_121120"
"REACTOME_KERATAN_SULFATE_DEGRADATION","2","244","6","2905","3.94444444444445","0.123956623480795","163.622742994649","0.400721843149122","Genes involved in Keratan sulfate degradation","http://www.reactome.org/cgi-bin/eventbrowser_st_id?ST_ID=REACT_121313"
"REACTOME_KERATAN_SULFATE_KERATIN_METABOLISM","2","244","6","2905","3.94444444444445","0.123956623480795","163.622742994649","0.400721843149122","Genes involved in Keratan sulfate/keratin metabolism","http://www.reactome.org/cgi-bin/eventbrowser_st_id?ST_ID=REACT_121288"
"REACTOME_L1CAM_INTERACTIONS","5","241","38","2873","1.55701754385965","0.240675484807357","317.691639945711","0.589890894135679","Genes involved in L1CAM interactions","http://www.reactome.org/cgi-bin/eventbrowser_st_id?ST_ID=REACT_22205"
"REACTOME_LATENT_INFECTION_OF_HOMO_SAPIENS_WITH_MYCOBACTERIUM_TUBERCULOSIS","1","245","11","2900","1.07575757575758","0.622912385714218","822.244349142767","0.858794649422176","Genes involved in Latent infection of Homo sapiens with Mycobacterium tuberculosis","http://www.reactome.org/cgi-bin/eventbrowser_st_id?ST_ID=REACT_121237"
"REACTOME_LIPID_DIGESTION_MOBILIZATION_AND_TRANSPORT","8","238","10","2901","9.46666666666667","2.67384964426175e-05","0.0352948153042552","0.000323449553741341","Genes involved in Lipid digestion, mobilization, and transport","http://www.reactome.org/cgi-bin/eventbrowser_st_id?ST_ID=REACT_602"
"REACTOME_LIPOPROTEIN_METABOLISM","8","238","3","2908","31.5555555555556","1.63730757433338e-07","0.000216124599812006","4.72300261826937e-06","Genes involved in Lipoprotein metabolism","http://www.reactome.org/cgi-bin/eventbrowser_st_id?ST_ID=REACT_6823"
"REACTOME_LOSS_OF_NLP_FROM_MITOTIC_CENTROSOMES","2","244","19","2892","1.24561403508772","0.495579194968835","654.164537358862","0.810446263734053","Genes involved in Loss of Nlp from mitotic centrosomes","http://www.reactome.org/cgi-bin/eventbrowser_st_id?ST_ID=REACT_15364"
"REACTOME_METABOLISM_OF_AMINO_ACIDS_AND_DERIVATIVES","8","238","85","2826","1.11372549019608","0.439821092904783","580.563842634314","0.789152678656907","Genes involved in Metabolism of amino acids and derivatives","http://www.reactome.org/cgi-bin/eventbrowser_st_id?ST_ID=REACT_13"
"REACTOME_METABOLISM_OF_CARBOHYDRATES","5","241","83","2828","0.71285140562249","0.828517623085523","1093.64326247289","0.95259433453742","Genes involved in Metabolism of carbohydrates","http://www.reactome.org/cgi-bin/eventbrowser_st_id?ST_ID=REACT_474"
"REACTOME_METABOLISM_OF_LIPIDS_AND_LIPOPROTEINS","20","226","99","2812","2.39057239057239","0.000684233344753218","0.903188015074248","0.00583153418823765","Genes involved in Metabolism of lipids and lipoproteins","http://www.reactome.org/cgi-bin/eventbrowser_st_id?ST_ID=REACT_22258"
"REACTOME_METABOLISM_OF_NUCLEOTIDES","6","240","36","2875","1.97222222222222","0.1040129501866","137.297094246313","0.354589602908864","Genes involved in Metabolism of nucleotides","http://www.reactome.org/cgi-bin/eventbrowser_st_id?ST_ID=REACT_1698"
"REACTOME_METABOLISM_OF_POLYAMINES","1","245","7","2904","1.69047619047619","0.477826361779193","630.730797548535","0.803519666669047","Genes involved in Metabolism of polyamines","http://www.reactome.org/cgi-bin/eventbrowser_st_id?ST_ID=REACT_14820"
"REACTOME_METABOLISM_OF_PORPHYRINS","2","244","7","2904","3.38095238095238","0.151488565647549","199.964906654764","0.430365243316901","Genes involved in Metabolism of porphyrins","http://www.reactome.org/cgi-bin/eventbrowser_st_id?ST_ID=REACT_9431"
"REACTOME_METABOLISM_OF_PROTEINS","4","242","168","2743","0.281746031746032","0.999577928469663","1319.44286557995","0.999992523452101","Genes involved in Metabolism of proteins","http://www.reactome.org/cgi-bin/eventbrowser_st_id?ST_ID=REACT_17015"
"REACTOME_METABOLISM_OF_STEROID_HORMONES_AND_VITAMINS_A_AND_D","1","245","3","2908","3.94444444444445","0.277229049975684","365.942345967902","0.64173391198075","Genes involved in Metabolism of steroid hormones and vitamins A and D","http://www.reactome.org/cgi-bin/eventbrowser_st_id?ST_ID=REACT_11057"
"REACTOME_METABOLISM_OF_VITAMINS_AND_COFACTORS","3","243","17","2894","2.08823529411765","0.200676465501541","264.892934462035","0.53371400399346","Genes involved in Metabolism of vitamins and cofactors","http://www.reactome.org/cgi-bin/eventbrowser_st_id?ST_ID=REACT_11193"
"REACTOME_METAL_ION_SLC_TRANSPORTERS","1","245","0","2911","Inf","0.0779220779220784","102.857142857143","0.280969030969033","Genes involved in Metal ion SLC transporters","http://www.reactome.org/cgi-bin/eventbrowser_st_id?ST_ID=REACT_20547"
"REACTOME_MHC_CLASS_II_ANTIGEN_PRESENTATION","1","245","46","2865","0.257246376811594","0.978552272270092","1291.68899939652","0.999992523452101","Genes involved in MHC class II antigen presentation","http://www.reactome.org/cgi-bin/eventbrowser_st_id?ST_ID=REACT_121399"
"REACTOME_MITOTIC_G2_G2_M_PHASES","2","244","22","2889","1.07575757575758","0.568790627690544","750.803628551518","0.823554061182334","Genes involved in Mitotic G2-G2/M phases","http://www.reactome.org/cgi-bin/eventbrowser_st_id?ST_ID=REACT_21391"
"REACTOME_NCAM_SIGNALING_FOR_NEURITE_OUT_GROWTH","11","235","20","2891","6.50833333333333","1.07285947709724e-05","0.0141617450976835","0.000160928921564586","Genes involved in NCAM signaling for neurite out-growth","http://www.reactome.org/cgi-bin/eventbrowser_st_id?ST_ID=REACT_18334"
"REACTOME_NCAM1_INTERACTIONS","9","237","5","2906","21.3","1.30273024673155e-07","0.000171960392568565","4.07103202103609e-06","Genes involved in NCAM1 interactions","http://www.reactome.org/cgi-bin/eventbrowser_st_id?ST_ID=REACT_18312"
"REACTOME_NETRIN1_SIGNALING","1","245","8","2903","1.47916666666667","0.518618586295649","684.576533910257","0.810446263734053","Genes involved in Netrin-1 signaling","http://www.reactome.org/cgi-bin/eventbrowser_st_id?ST_ID=REACT_22237"
"REACTOME_NEURONAL_SYSTEM","2","244","34","2877","0.696078431372549","0.783809814009027","1034.62895449192","0.942768422169673","Genes involved in Neuronal System","http://www.reactome.org/cgi-bin/eventbrowser_st_id?ST_ID=REACT_13685"
"REACTOME_NEUROTRANSMITTER_RELEASE_CYCLE","2","244","4","2907","5.91666666666667","0.0735800169727912","97.1256224040844","0.280969030969033","Genes involved in Neurotransmitter Release Cycle","http://www.reactome.org/cgi-bin/eventbrowser_st_id?ST_ID=REACT_13723"
"REACTOME_NGF_SIGNALLING_VIA_TRKA_FROM_THE_PLASMA_MEMBRANE","1","245","43","2868","0.275193798449612","0.972541835494047","1283.75522285214","0.999992523452101","Genes involved in NGF signalling via TRKA from the plasma membrane","http://www.reactome.org/cgi-bin/eventbrowser_st_id?ST_ID=REACT_12056"
"REACTOME_OPIOID_SIGNALLING","1","245","21","2890","0.563492063492064","0.833202511275397","1099.82731488352","0.95259433453742","Genes involved in Opioid Signalling","http://www.reactome.org/cgi-bin/eventbrowser_st_id?ST_ID=REACT_15295"
"REACTOME_P130CAS_LINKAGE_TO_MAPK_SIGNALING_FOR_INTEGRINS","3","243","8","2903","4.4375","0.0482745722567494","63.7224353789093","0.220767860930256","Genes involved in p130Cas linkage to MAPK signaling for integrins","http://www.reactome.org/cgi-bin/eventbrowser_st_id?ST_ID=REACT_15381"
"REACTOME_P75_NTR_RECEPTOR_MEDIATED_SIGNALLING","1","245","18","2893","0.657407407407407","0.786897376370954","1038.70453680966","0.942768422169673","Genes involved in p75 NTR receptor-mediated signalling","http://www.reactome.org/cgi-bin/eventbrowser_st_id?ST_ID=REACT_13776"
"REACTOME_PEPTIDE_LIGAND_BINDING_RECEPTORS","7","239","2","2909","41.4166666666667","5.05557412533583e-07","0.000667335784544329","1.18490018562559e-05","Genes involved in Peptide ligand-binding receptors","http://www.reactome.org/cgi-bin/eventbrowser_st_id?ST_ID=REACT_14819"
"REACTOME_PHASE_II_CONJUGATION","4","242","22","2889","2.15151515151515","0.139326404489942","183.910853926724","0.430365243316901","Genes involved in Phase II conjugation","http://www.reactome.org/cgi-bin/eventbrowser_st_id?ST_ID=REACT_6959"
"REACTOME_PHASE1_FUNCTIONALIZATION_OF_COMPOUNDS","1","245","12","2899","0.986111111111111","0.652407951092374","861.178495441934","0.870651180283417","Genes involved in Phase 1 - Functionalization of compounds","http://www.reactome.org/cgi-bin/eventbrowser_st_id?ST_ID=REACT_13705"
"REACTOME_PHOSPHOLIPASE_C_MEDIATED_CASCADE","1","245","8","2903","1.47916666666667","0.518618586295649","684.576533910257","0.810446263734053","Genes involved in Phospholipase C-mediated cascade","http://www.reactome.org/cgi-bin/eventbrowser_st_id?ST_ID=REACT_21310"
"REACTOME_PHOSPHOLIPID_METABOLISM","5","241","35","2876","1.69047619047619","0.19718259504109","260.281025454239","0.528167665288634","Genes involved in Phospholipid metabolism","http://www.reactome.org/cgi-bin/eventbrowser_st_id?ST_ID=REACT_120870"
"REACTOME_PKA_MEDIATED_PHOSPHORYLATION_OF_CREB","1","245","4","2907","2.95833333333333","0.333620313440949","440.378813742053","0.676418297750582","Genes involved in PKA-mediated phosphorylation of CREB","http://www.reactome.org/cgi-bin/eventbrowser_st_id?ST_ID=REACT_15497"
"REACTOME_PLATELET_ACTIVATION_SIGNALING_AND_AGGREGATION","19","227","65","2846","3.45897435897436","1.4416691928029e-05","0.0190300333449983","0.000200231832333736","Genes involved in Platelet activation, signaling and aggregation","http://www.reactome.org/cgi-bin/eventbrowser_st_id?ST_ID=REACT_798"
"REACTOME_PLATELET_ADHESION_TO_EXPOSED_COLLAGEN","2","244","4","2907","5.91666666666667","0.0735800169727912","97.1256224040844","0.280969030969033","Genes involved in Platelet Adhesion to exposed collagen","http://www.reactome.org/cgi-bin/eventbrowser_st_id?ST_ID=REACT_1230"
"REACTOME_PLATELET_AGGREGATION_PLUG_FORMATION","4","242","14","2897","3.38095238095238","0.0461385856206788","60.902933019296","0.220767860930256","Genes involved in Platelet Aggregation (Plug Formation)","http://www.reactome.org/cgi-bin/eventbrowser_st_id?ST_ID=REACT_278"
"REACTOME_PLATELET_HOMEOSTASIS","1","245","18","2893","0.657407407407407","0.786897376370954","1038.70453680966","0.942768422169673","Genes involved in Platelet homeostasis","http://www.reactome.org/cgi-bin/eventbrowser_st_id?ST_ID=REACT_23876"
"REACTOME_PLATELET_SENSITIZATION_BY_LDL","1","245","7","2904","1.69047619047619","0.477826361779193","630.730797548535","0.803519666669047","Genes involved in Platelet sensitization by LDL","http://www.reactome.org/cgi-bin/eventbrowser_st_id?ST_ID=REACT_23879"
"REACTOME_PLC_BETA_MEDIATED_EVENTS","1","245","14","2897","0.845238095238095","0.704682086433414","930.180354092107","0.911226835905277","Genes involved in PLC beta mediated events","http://www.reactome.org/cgi-bin/eventbrowser_st_id?ST_ID=REACT_15426"
"REACTOME_POST_TRANSLATIONAL_PROTEIN_MODIFICATION","4","242","37","2874","1.27927927927928","0.398179312494539","525.596692492791","0.76182266421149","Genes involved in Post-translational protein modification","http://www.reactome.org/cgi-bin/eventbrowser_st_id?ST_ID=REACT_22161"
"REACTOME_PPARA_ACTIVATES_GENE_EXPRESSION","5","241","14","2897","4.22619047619048","0.0129404703573926","17.0814208717582","0.0758230685003473","Genes involved in PPARA Activates Gene Expression","http://www.reactome.org/cgi-bin/eventbrowser_st_id?ST_ID=REACT_116145"
"REACTOME_PTM_GAMMA_CARBOXYLATION_HYPUSINE_FORMATION_AND_ARYLSULFATASE_ACTIVATION","4","242","2","2909","23.6666666666667","0.000476371056613884","0.628809794730327","0.00415439874953969","Genes involved in PTM: gamma carboxylation, hypusine formation and arylsulfatase activation","http://www.reactome.org/cgi-bin/eventbrowser_st_id?ST_ID=REACT_1069"
"REACTOME_PURINE_CATABOLISM","2","244","4","2907","5.91666666666667","0.0735800169727912","97.1256224040844","0.280969030969033","Genes involved in Purine catabolism","http://www.reactome.org/cgi-bin/eventbrowser_st_id?ST_ID=REACT_2086"
"REACTOME_PURINE_METABOLISM","3","243","20","2891","1.775","0.264535771625461","349.187218545608","0.64173391198075","Genes involved in Purine metabolism","http://www.reactome.org/cgi-bin/eventbrowser_st_id?ST_ID=REACT_522"
"REACTOME_PURINE_SALVAGE","2","244","7","2904","3.38095238095238","0.151488565647549","199.964906654764","0.430365243316901","Genes involved in Purine salvage","http://www.reactome.org/cgi-bin/eventbrowser_st_id?ST_ID=REACT_1923"
"REACTOME_PYRIMIDINE_METABOLISM","1","245","8","2903","1.47916666666667","0.518618586295649","684.576533910257","0.810446263734053","Genes involved in Pyrimidine metabolism","http://www.reactome.org/cgi-bin/eventbrowser_st_id?ST_ID=REACT_957"
"REACTOME_PYRUVATE_METABOLISM","1","245","11","2900","1.07575757575758","0.622912385714218","822.244349142767","0.858794649422176","Genes involved in Pyruvate metabolism","http://www.reactome.org/cgi-bin/eventbrowser_st_id?ST_ID=REACT_2071"
"REACTOME_PYRUVATE_METABOLISM_AND_CITRIC_ACID_TCA_CYCLE","1","245","30","2881","0.394444444444444","0.920135455279659","1214.57880096915","0.989765364384394","Genes involved in Pyruvate metabolism and Citric Acid (TCA) cycle","http://www.reactome.org/cgi-bin/eventbrowser_st_id?ST_ID=REACT_1046"
"REACTOME_RECRUITMENT_OF_MITOTIC_CENTROSOME_PROTEINS_AND_COMPLEXES","2","244","20","2891","1.18333333333333","0.520846798826418","687.517774450872","0.810446263734053","Genes involved in Recruitment of mitotic centrosome proteins and complexes","http://www.reactome.org/cgi-bin/eventbrowser_st_id?ST_ID=REACT_15296"
"REACTOME_RECYCLING_OF_BILE_ACIDS_AND_SALTS","1","245","0","2911","Inf","0.0779220779220784","102.857142857143","0.280969030969033","Genes involved in Recycling of bile acids and salts","http://www.reactome.org/cgi-bin/eventbrowser_st_id?ST_ID=REACT_11042"
"REACTOME_REGULATION_OF_COMPLEMENT_CASCADE","9","237","2","2909","53.25","4.41607223646229e-09","5.82921535213023e-06","2.36575298381908e-07","Genes involved in Regulation of Complement cascade","http://www.reactome.org/cgi-bin/eventbrowser_st_id?ST_ID=REACT_118707"
"REACTOME_REGULATION_OF_INSULIN_LIKE_GROWTH_FACTOR_IGF_ACTIVITY_BY_INSULIN_LIKE_GROWTH_FACTOR_BINDING_PROTEINS_IGFBPS","3","243","2","2909","17.75","0.00415416272744837","5.48349480023185","0.0299579042844834","Genes involved in Regulation of Insulin-like Growth Factor (IGF) Activity by Insulin-like Growth Factor Binding Proteins (IGFBPs)","http://www.reactome.org/cgi-bin/eventbrowser_st_id?ST_ID=REACT_15428"
"REACTOME_REGULATION_OF_INSULIN_SECRETION","1","245","26","2885","0.455128205128205","0.889179166208258","1173.7164993949","0.989765364384394","Genes involved in Regulation of Insulin Secretion","http://www.reactome.org/cgi-bin/eventbrowser_st_id?ST_ID=REACT_18325"
"REACTOME_REGULATION_OF_INSULIN_SECRETION_BY_GLUCAGON_LIKE_PEPTIDE1","1","245","12","2899","0.986111111111111","0.652407951092374","861.178495441934","0.870651180283417","Genes involved in Regulation of Insulin Secretion by Glucagon-like Peptide-1","http://www.reactome.org/cgi-bin/eventbrowser_st_id?ST_ID=REACT_18274"
"REACTOME_REGULATION_OF_WATER_BALANCE_BY_RENAL_AQUAPORINS","1","245","9","2902","1.31481481481481","0.556236066527946","734.231607816888","0.817994215482274","Genes involved in Regulation of Water Balance by Renal Aquaporins","http://www.reactome.org/cgi-bin/eventbrowser_st_id?ST_ID=REACT_24023"
"REACTOME_RESPONSE_TO_ELEVATED_PLATELET_CYTOSOLIC_CA2_","16","230","29","2882","6.52873563218391","9.49913242860964e-08","0.000125388548057647","3.56217466072861e-06","Genes involved in Response to elevated platelet cytosolic Ca2+","http://www.reactome.org/cgi-bin/eventbrowser_st_id?ST_ID=REACT_1280"
"REACTOME_REVERSIBLE_HYDRATION_OF_CARBON_DIOXIDE","2","244","0","2911","Inf","0.00604908399585206","7.98479087452471","0.040507258900795","Genes involved in Reversible Hydration of Carbon Dioxide","http://www.reactome.org/cgi-bin/eventbrowser_st_id?ST_ID=REACT_121123"
"REACTOME_SIGNAL_TRANSDUCTION_BY_L1","1","245","19","2892","0.62280701754386","0.803603318185086","1060.75638000431","0.950634840124313","Genes involved in Signal transduction by L1","http://www.reactome.org/cgi-bin/eventbrowser_st_id?ST_ID=REACT_22272"
"REACTOME_SIGNALING_BY_EGFR_IN_CANCER","1","245","38","2873","0.31140350877193","0.958576260312545","1265.32066361256","0.999992523452101","Genes involved in Signaling by EGFR in Cancer","http://www.reactome.org/cgi-bin/eventbrowser_st_id?ST_ID=REACT_115871"
"REACTOME_SIGNALING_BY_ERBB2","1","245","29","2882","0.408045977011494","0.913316059930403","1205.57719910813","0.989765364384394","Genes involved in Signaling by ERBB2","http://www.reactome.org/cgi-bin/eventbrowser_st_id?ST_ID=REACT_115755"
"REACTOME_SIGNALING_BY_FGFR","1","245","23","2888","0.514492753623188","0.858356157048486","1133.030127304","0.96586616780099","Genes involved in Signaling by FGFR","http://www.reactome.org/cgi-bin/eventbrowser_st_id?ST_ID=REACT_9470"
"REACTOME_SIGNALING_BY_FGFR_IN_DISEASE","1","245","28","2883","0.422619047619048","0.905916944990389","1195.81036738731","0.989765364384394","Genes involved in Signaling by FGFR in disease","http://www.reactome.org/cgi-bin/eventbrowser_st_id?ST_ID=REACT_120736"
"REACTOME_SIGNALING_BY_GPCR","8","238","54","2857","1.75308641975309","0.10556204996356","139.3419059519","0.356628547174189","Genes involved in Signaling by GPCR","http://www.reactome.org/cgi-bin/eventbrowser_st_id?ST_ID=REACT_14797"
"REACTOME_SIGNALING_BY_PDGF","9","237","38","2873","2.80263157894737","0.0090091513447119","11.8920797750197","0.0572615551570672","Genes involved in Signaling by PDGF","http://www.reactome.org/cgi-bin/eventbrowser_st_id?ST_ID=REACT_16888"
"REACTOME_SIGNALING_BY_RHO_GTPASES","2","244","20","2891","1.18333333333333","0.520846798826418","687.517774450872","0.810446263734053","Genes involved in Signaling by Rho GTPases","http://www.reactome.org/cgi-bin/eventbrowser_st_id?ST_ID=REACT_11044"
"REACTOME_SIGNALLING_BY_NGF","2","244","60","2851","0.394444444444444","0.960537115527661","1267.90899249651","0.999992523452101","Genes involved in Signalling by NGF","http://www.reactome.org/cgi-bin/eventbrowser_st_id?ST_ID=REACT_11061"
"REACTOME_SLC_MEDIATED_TRANSMEMBRANE_TRANSPORT","5","241","26","2885","2.27564102564103","0.0885443834576405","116.878586164085","0.314314309991701","Genes involved in SLC-mediated transmembrane transport","http://www.reactome.org/cgi-bin/eventbrowser_st_id?ST_ID=REACT_19118"
"REACTOME_SPHINGOLIPID_METABOLISM","3","243","14","2897","2.53571428571429","0.141437061900016","186.696921708022","0.430365243316901","Genes involved in Sphingolipid metabolism","http://www.reactome.org/cgi-bin/eventbrowser_st_id?ST_ID=REACT_19323"
"REACTOME_STEROID_HORMONES","1","245","2","2909","5.91666666666667","0.216086803171701","285.234580186645","0.547517237766134","Genes involved in Steroid hormones","http://www.reactome.org/cgi-bin/eventbrowser_st_id?ST_ID=REACT_15493"
"REACTOME_SULFUR_AMINO_ACID_METABOLISM","4","242","12","2899","3.94444444444445","0.0310122586719162","40.9361814469294","0.161522180582897","Genes involved in Sulfur amino acid metabolism","http://www.reactome.org/cgi-bin/eventbrowser_st_id?ST_ID=REACT_115639"
"REACTOME_SYNTHESIS_AND_INTERCONVERSION_OF_NUCLEOTIDE_DI_AND_TRIPHOSPHATES","3","243","10","2901","3.55","0.0745999962188994","98.4719950089472","0.280969030969033","Genes involved in Synthesis and interconversion of nucleotide di- and triphosphates","http://www.reactome.org/cgi-bin/eventbrowser_st_id?ST_ID=REACT_21330"
"REACTOME_SYNTHESIS_OF_BILE_ACIDS_AND_BILE_SALTS","1","245","2","2909","5.91666666666667","0.216086803171701","285.234580186645","0.547517237766134","Genes involved in Synthesis of bile acids and bile salts","http://www.reactome.org/cgi-bin/eventbrowser_st_id?ST_ID=REACT_11054"
"REACTOME_SYNTHESIS_OF_BILE_ACIDS_AND_BILE_SALTS_VIA_24_HYDROXYCHOLESTEROL","1","245","0","2911","Inf","0.0779220779220784","102.857142857143","0.280969030969033","Genes involved in Synthesis of bile acids and bile salts via 24-hydroxycholesterol","http://www.reactome.org/cgi-bin/eventbrowser_st_id?ST_ID=REACT_11053"
"REACTOME_SYNTHESIS_OF_BILE_ACIDS_AND_BILE_SALTS_VIA_7ALPHA_HYDROXYCHOLESTEROL","1","245","2","2909","5.91666666666667","0.216086803171701","285.234580186645","0.547517237766134","Genes involved in Synthesis of bile acids and bile salts via 7alpha-hydroxycholesterol","http://www.reactome.org/cgi-bin/eventbrowser_st_id?ST_ID=REACT_11041"
"REACTOME_SYNTHESIS_OF_PE","1","245","0","2911","Inf","0.0779220779220784","102.857142857143","0.280969030969033","Genes involved in Synthesis of PE","http://www.reactome.org/cgi-bin/eventbrowser_st_id?ST_ID=REACT_120919"
"REACTOME_TCA_CYCLE_AND_RESPIRATORY_ELECTRON_TRANSPORT","1","245","78","2833","0.151709401709402","0.998485763474068","1318.00120778577","0.999992523452101","Genes involved in The citric acid (TCA) cycle and respiratory electron transport","http://www.reactome.org/cgi-bin/eventbrowser_st_id?ST_ID=REACT_111083"
"REACTOME_THE_ACTIVATION_OF_ARYLSULFATASES","1","245","1","2910","11.8333333333333","0.149795071848304","197.729494839762","0.430365243316901","Genes involved in The activation of arylsulfatases","http://www.reactome.org/cgi-bin/eventbrowser_st_id?ST_ID=REACT_121036"
"REACTOME_THROMBIN_SIGNALLING_THROUGH_PROTEINASE_ACTIVATED_RECEPTORS_PARS","1","245","8","2903","1.47916666666667","0.518618586295649","684.576533910257","0.810446263734053","Genes involved in Thrombin signalling through proteinase activated receptors (PARs)","http://www.reactome.org/cgi-bin/eventbrowser_st_id?ST_ID=REACT_21384"
"REACTOME_TOLL_RECEPTOR_CASCADES","1","245","31","2880","0.381720430107527","0.926420381063793","1222.87490300421","0.989765364384394","Genes involved in Toll Receptor Cascades","http://www.reactome.org/cgi-bin/eventbrowser_st_id?ST_ID=REACT_6966"
"REACTOME_TRANSFERRIN_ENDOCYTOSIS_AND_RECYCLING","1","245","10","2901","1.18333333333333","0.590924953605837","780.020938759705","0.833789374950729","Genes involved in Transferrin endocytosis and recycling","http://www.reactome.org/cgi-bin/eventbrowser_st_id?ST_ID=REACT_25283"
"REACTOME_TRANSMEMBRANE_TRANSPORT_OF_SMALL_MOLECULES","8","238","63","2848","1.5026455026455","0.184706641530842","243.812766820711","0.498309284705509","Genes involved in Transmembrane transport of small molecules","http://www.reactome.org/cgi-bin/eventbrowser_st_id?ST_ID=REACT_15518"
"REACTOME_TRANSMISSION_ACROSS_CHEMICAL_SYNAPSES","2","244","32","2879","0.739583333333333","0.756060722454623","998.000153640103","0.935718715909187","Genes involved in Transmission across Chemical Synapses","http://www.reactome.org/cgi-bin/eventbrowser_st_id?ST_ID=REACT_13477"
"REACTOME_TRANSPORT_OF_GLUCOSE_AND_OTHER_SUGARS_BILE_SALTS_AND_ORGANIC_ACIDS_METAL_IONS_AND_AMINE_COMPOUNDS","2","244","4","2907","5.91666666666667","0.0735800169727912","97.1256224040844","0.280969030969033","Genes involved in Transport of glucose and other sugars, bile salts and organic acids, metal ions and amine compounds","http://www.reactome.org/cgi-bin/eventbrowser_st_id?ST_ID=REACT_19305"
"REACTOME_TRANSPORT_OF_INORGANIC_CATIONS_ANIONS_AND_AMINO_ACIDS_OLIGOPEPTIDES","2","244","6","2905","3.94444444444445","0.123956623480795","163.622742994649","0.400721843149122","Genes involved in Transport of inorganic cations/anions and amino acids/oligopeptides","http://www.reactome.org/cgi-bin/eventbrowser_st_id?ST_ID=REACT_19397"
"REACTOME_TRANSPORT_OF_ORGANIC_ANIONS","1","245","0","2911","Inf","0.0779220779220784","102.857142857143","0.280969030969033","Genes involved in Transport of organic anions","http://www.reactome.org/cgi-bin/eventbrowser_st_id?ST_ID=REACT_23988"
"REACTOME_TRANSPORT_OF_VITAMINS_NUCLEOSIDES_AND_RELATED_MOLECULES","1","245","3","2908","3.94444444444445","0.277229049975684","365.942345967902","0.64173391198075","Genes involved in Transport of vitamins, nucleosides, and related molecules","http://www.reactome.org/cgi-bin/eventbrowser_st_id?ST_ID=REACT_22285"
"REACTOME_TRIGLYCERIDE_BIOSYNTHESIS","1","245","10","2901","1.18333333333333","0.590924953605837","780.020938759705","0.833789374950729","Genes involved in Triglyceride Biosynthesis","http://www.reactome.org/cgi-bin/eventbrowser_st_id?ST_ID=REACT_1190"
"REACTOME_UNFOLDED_PROTEIN_RESPONSE","1","245","30","2881","0.394444444444444","0.920135455279659","1214.57880096915","0.989765364384394","Genes involved in Unfolded Protein Response","http://www.reactome.org/cgi-bin/eventbrowser_st_id?ST_ID=REACT_18356"
"REACTOME_VITAMIN_B5_PANTOTHENATE_METABOLISM","1","245","4","2907","2.95833333333333","0.333620313440949","440.378813742053","0.676418297750582","Genes involved in Vitamin B5 (pantothenate) metabolism","http://www.reactome.org/cgi-bin/eventbrowser_st_id?ST_ID=REACT_11172"
"SIG_INSULIN_RECEPTOR_PATHWAY_IN_CARDIAC_MYOCYTES","1","245","28","2883","0.422619047619048","0.905916944990389","1195.81036738731","0.989765364384394","Genes related to the insulin receptor pathway",""
"ST_ADRENERGIC","1","245","10","2901","1.18333333333333","0.590924953605837","780.020938759705","0.833789374950729","Adrenergic Pathway","http://stke.sciencemag.org/cgi/cm/stkecm;CMP_8762"
"ST_B_CELL_ANTIGEN_RECEPTOR","1","245","16","2895","0.739583333333333","0.749121872267671","988.840871393325","0.933291369104241","B Cell Antigen Receptor","http://stke.sciencemag.org/cgi/cm/stkecm;CMP_6909"
"ST_G_ALPHA_I_PATHWAY","1","245","12","2899","0.986111111111111","0.652407951092374","861.178495441934","0.870651180283417","G alpha i Pathway","http://stke.sciencemag.org/cgi/cm/stkecm;CMP_7430"
"ST_G_ALPHA_S_PATHWAY","1","245","3","2908","3.94444444444445","0.277229049975684","365.942345967902","0.64173391198075","G alpha s Pathway","http://stke.sciencemag.org/cgi/cm/stkecm;CMP_6634"
"ST_GA12_PATHWAY","3","243","6","2905","5.91666666666667","0.027594825897157","36.4251701842473","0.147829424449055","G alpha 12 Pathway","http://stke.sciencemag.org/cgi/cm/stkecm;CMP_8022"
"ST_GA13_PATHWAY","3","243","11","2900","3.22727272727273","0.0896843497842987","118.383341715274","0.314314309991701","G alpha 13 Pathway","http://stke.sciencemag.org/cgi/cm/stkecm;CMP_8809"
"ST_GAQ_PATHWAY","2","244","9","2902","2.62962962962963","0.209347195749028","276.338298388716","0.547517237766134","G alpha q Pathway","http://stke.sciencemag.org/cgi/cm/stkecm;CMP_6680"
"ST_INTERLEUKIN_4_PATHWAY","1","245","8","2903","1.47916666666667","0.518618586295649","684.576533910257","0.810446263734053","Interleukin 4 (IL-4) Pathway","http://stke.sciencemag.org/cgi/cm/stkecm;CMP_7740"
"ST_MYOCYTE_AD_PATHWAY","1","245","9","2902","1.31481481481481","0.556236066527946","734.231607816888","0.817994215482274","Myocyte Adrenergic Pathway is a specific case of the generalized Adrenergic Pathway.","http://stke.sciencemag.org/cgi/cm/stkecm;CMP_9043"
"ST_PHOSPHOINOSITIDE_3_KINASE_PATHWAY","1","245","19","2892","0.62280701754386","0.803603318185086","1060.75638000431","0.950634840124313","PI3K Pathway","http://stke.sciencemag.org/cgi/cm/stkecm;CMP_6557"
"ST_WNT_BETA_CATENIN_PATHWAY","1","245","9","2902","1.31481481481481","0.556236066527946","734.231607816888","0.817994215482274","Wnt/beta-catenin Pathway","http://stke.sciencemag.org/cgi/cm/stkecm;CMP_5533"
"ST_WNT_CA2_CYCLIC_GMP_PATHWAY","2","244","7","2904","3.38095238095238","0.151488565647549","199.964906654764","0.430365243316901","Wnt/Ca2+/cyclic GMP signaling.","http://stke.sciencemag.org/cgi/cm/stkecm;CMP_12420"
